Date,Last Price, Volume 
3/09/2021,733.57,"15,271,045.00"
2/09/2021,732.39,"12,796,739.00"
1/09/2021,734.09,"13,204,335.00"
31/08/2021,735.72,"20,855,436.00"
30/08/2021,730.91,"18,604,220.00"
27/08/2021,711.92,"13,833,763.00"
26/08/2021,701.16,"13,214,292.00"
25/08/2021,711.2,"12,645,562.00"
24/08/2021,708.49,"13,083,071.00"
23/08/2021,706.3,"20,264,860.00"
20/08/2021,680.26,"14,841,865.00"
19/08/2021,673.47,"14,313,486.00"
18/08/2021,688.99,"20,349,376.00"
17/08/2021,665.71,"23,721,280.00"
16/08/2021,686.17,"23,103,304.00"
13/08/2021,717.17,"16,731,467.00"
12/08/2021,722.25,"17,681,686.00"
11/08/2021,707.82,"9,800,558.00"
10/08/2021,709.99,"13,432,305.00"
9/08/2021,713.76,"14,715,349.00"
6/08/2021,699.1,"15,623,049.00"
5/08/2021,714.63,"12,919,637.00"
4/08/2021,710.92,"17,002,648.00"
3/08/2021,709.74,"21,620,252.00"
2/08/2021,709.67,"33,615,764.00"
30/07/2021,687.2,"29,656,412.00"
29/07/2021,677.35,"30,394,636.00"
28/07/2021,646.98,"16,006,596.00"
27/07/2021,644.78,"32,813,290.00"
26/07/2021,657.62,"25,336,556.00"
23/07/2021,643.38,"14,604,944.00"
22/07/2021,649.26,"15,105,727.00"
21/07/2021,655.29,"13,953,338.00"
20/07/2021,660.5,"15,487,127.00"
19/07/2021,646.22,"21,297,090.00"
16/07/2021,644.22,"16,370,970.00"
15/07/2021,650.6,"20,209,572.00"
14/07/2021,653.38,"21,641,190.00"
13/07/2021,668.54,"20,966,092.00"
12/07/2021,685.7,"25,927,042.00"
9/07/2021,656.95,"18,140,548.00"
8/07/2021,652.81,"22,773,316.00"
7/07/2021,644.65,"18,791,960.00"
6/07/2021,659.58,"23,284,450.00"
2/07/2021,678.9,"27,097,374.00"
1/07/2021,677.92,"18,634,522.00"
30/06/2021,679.7,"18,924,862.00"
29/06/2021,680.76,"17,381,312.00"
28/06/2021,688.72,"21,628,160.00"
25/06/2021,671.87,"32,496,708.00"
24/06/2021,679.82,"45,982,384.00"
23/06/2021,656.57,"31,099,228.00"
22/06/2021,623.71,"19,158,892.00"
21/06/2021,620.83,"24,812,740.00"
18/06/2021,623.31,"24,560,904.00"
17/06/2021,616.6,"22,701,350.00"
16/06/2021,604.87,"22,144,128.00"
15/06/2021,599.36,"17,764,144.00"
14/06/2021,617.69,"20,423,984.00"
11/06/2021,609.89,"16,205,303.00"
10/06/2021,610.12,"23,919,606.00"
9/06/2021,598.78,"16,584,566.00"
8/06/2021,603.59,"26,053,404.00"
7/06/2021,605.13,"22,543,682.00"
4/06/2021,599.05,"24,036,896.00"
3/06/2021,572.84,"30,111,892.00"
2/06/2021,605.12,"23,302,780.00"
1/06/2021,623.9,"18,084,890.00"
28/05/2021,625.22,"22,737,038.00"
27/05/2021,630.85,"26,370,592.00"
26/05/2021,619.13,"28,639,304.00"
25/05/2021,604.69,"28,005,932.00"
24/05/2021,606.44,"34,558,088.00"
21/05/2021,580.88,"26,030,596.00"
20/05/2021,586.78,"30,821,120.00"
19/05/2021,563.46,"39,578,396.00"
18/05/2021,577.87,"36,830,568.00"
17/05/2021,576.83,"32,390,360.00"
14/05/2021,589.74,"33,370,856.00"
13/05/2021,571.69,"44,184,916.00"
12/05/2021,589.89,"33,823,648.00"
11/05/2021,617.2,"46,503,896.00"
10/05/2021,629.04,"31,392,416.00"
7/05/2021,672.37,"23,469,172.00"
6/05/2021,663.54,"27,784,620.00"
5/05/2021,670.94,"21,901,894.00"
4/05/2021,673.6,"29,739,320.00"
3/05/2021,684.9,"27,043,144.00"
30/04/2021,709.44,"40,758,720.00"
29/04/2021,677,"28,845,448.00"
28/04/2021,694.4,"22,271,048.00"
27/04/2021,704.74,"29,436,996.00"
26/04/2021,738.2,"31,038,502.00"
23/04/2021,729.4,"28,413,888.00"
22/04/2021,719.69,"35,590,256.00"
21/04/2021,744.12,"31,215,514.00"
20/04/2021,718.99,"35,609,040.00"
19/04/2021,714.63,"39,686,224.00"
16/04/2021,739.78,"27,979,526.00"
15/04/2021,738.85,"27,848,900.00"
14/04/2021,732.23,"49,017,432.00"
13/04/2021,762.32,"44,652,808.00"
12/04/2021,701.98,"29,135,670.00"
9/04/2021,677.02,"21,437,088.00"
8/04/2021,683.8,"23,924,328.00"
7/04/2021,670.97,"26,309,432.00"
6/04/2021,691.62,"28,271,840.00"
5/04/2021,691.05,"41,842,768.00"
1/04/2021,661.75,"35,298,376.00"
31/03/2021,667.93,"33,337,288.00"
30/03/2021,635.62,"39,432,360.00"
29/03/2021,611.29,"28,636,984.00"
26/03/2021,618.71,"33,852,828.00"
25/03/2021,640.39,"39,224,848.00"
24/03/2021,630.27,"33,795,176.00"
23/03/2021,662.16,"30,491,870.00"
22/03/2021,670,"39,512,220.00"
19/03/2021,654.87,"42,893,976.00"
18/03/2021,653.16,"33,369,022.00"
17/03/2021,701.81,"40,372,452.00"
16/03/2021,676.88,"32,195,672.00"
15/03/2021,707.94,"29,423,480.00"
12/03/2021,693.73,"33,583,840.00"
11/03/2021,699.6,"36,253,892.00"
10/03/2021,668.06,"60,605,672.00"
9/03/2021,673.58,"67,523,328.00"
8/03/2021,563,"51,786,960.00"
5/03/2021,597.95,"89,396,456.00"
4/03/2021,621.44,"65,919,528.00"
3/03/2021,653.2,"30,207,960.00"
2/03/2021,686.44,"23,732,158.00"
1/03/2021,718.43,"27,136,240.00"
26/02/2021,675.5,"41,089,172.00"
25/02/2021,682.22,"39,023,856.00"
24/02/2021,742.02,"36,766,952.00"
23/02/2021,698.84,"66,606,880.00"
22/02/2021,714.5,"37,269,716.00"
19/02/2021,781.3,"18,958,256.00"
18/02/2021,787.38,"17,957,058.00"
17/02/2021,798.15,"26,078,898.00"
16/02/2021,796.22,"19,802,324.00"
12/02/2021,816.12,"23,768,312.00"
11/02/2021,811.66,"21,622,752.00"
10/02/2021,804.82,"36,216,088.00"
9/02/2021,849.46,"15,157,651.00"
8/02/2021,863.42,"20,161,720.00"
5/02/2021,852.23,"18,566,636.00"
4/02/2021,849.99,"15,812,661.00"
3/02/2021,854.69,"18,343,510.00"
2/02/2021,872.79,"24,346,212.00"
1/02/2021,839.81,"25,391,384.00"
29/01/2021,793.53,"34,990,752.00"
28/01/2021,835.43,"26,378,048.00"
27/01/2021,864.16,"27,333,956.00"
26/01/2021,883.09,"23,131,604.00"
25/01/2021,880.8,"41,173,396.00"
22/01/2021,846.64,"20,066,496.00"
21/01/2021,844.99,"20,598,132.00"
20/01/2021,850.45,"25,665,884.00"
19/01/2021,844.55,"25,366,980.00"
15/01/2021,826.16,"38,777,596.00"
14/01/2021,845,"31,266,328.00"
13/01/2021,854.41,"33,312,496.00"
12/01/2021,849.44,"46,270,720.00"
11/01/2021,811.19,"59,554,144.00"
8/01/2021,880.02,"75,055,528.00"
7/01/2021,816.04,"51,498,948.00"
6/01/2021,755.98,"44,699,964.00"
5/01/2021,735.11,"32,245,164.00"
4/01/2021,729.77,"48,638,188.00"
31/12/2020,705.67,"49,649,928.00"
30/12/2020,694.78,"42,846,020.00"
29/12/2020,665.99,"22,910,812.00"
28/12/2020,663.69,"32,278,560.00"
24/12/2020,661.77,"22,865,568.00"
23/12/2020,645.98,"33,172,972.00"
22/12/2020,640.34,"51,861,644.00"
21/12/2020,649.86,"58,045,264.00"
18/12/2020,695,"222,126,192.00"
17/12/2020,655.9,"56,270,144.00"
16/12/2020,622.77,"42,095,812.00"
15/12/2020,633.25,"45,223,560.00"
14/12/2020,639.83,"52,040,648.00"
11/12/2020,609.99,"46,474,976.00"
10/12/2020,627.07,"67,083,152.00"
9/12/2020,604.48,"71,291,192.00"
8/12/2020,649.88,"64,265,028.00"
7/12/2020,641.76,"56,309,708.00"
4/12/2020,599.04,"29,401,314.00"
3/12/2020,593.38,"42,552,004.00"
2/12/2020,568.82,"47,775,652.00"
1/12/2020,584.76,"40,382,832.00"
30/11/2020,567.6,"63,003,052.00"
27/11/2020,585.76,"37,561,080.00"
25/11/2020,574,"48,930,160.00"
24/11/2020,555.38,"53,648,496.00"
23/11/2020,521.85,"50,260,304.00"
20/11/2020,489.61,"32,911,922.00"
19/11/2020,499.27,"62,475,344.00"
18/11/2020,486.64,"78,044,024.00"
17/11/2020,441.61,"61,188,280.00"
16/11/2020,408.09,"26,838,636.00"
13/11/2020,408.5,"19,830,352.00"
12/11/2020,411.76,"19,940,500.00"
11/11/2020,417.13,"17,357,722.00"
10/11/2020,410.36,"30,284,224.00"
9/11/2020,421.26,"34,833,024.00"
6/11/2020,429.95,"21,706,014.00"
5/11/2020,438.09,"28,414,524.00"
4/11/2020,420.98,"32,143,056.00"
3/11/2020,423.9,"34,351,716.00"
2/11/2020,400.51,"29,021,118.00"
30/10/2020,388.04,"42,587,640.00"
29/10/2020,410.83,"22,655,308.00"
28/10/2020,406.02,"25,451,408.00"
27/10/2020,424.68,"22,686,506.00"
26/10/2020,420.28,"28,239,160.00"
23/10/2020,420.63,"33,716,980.00"
22/10/2020,425.79,"39,993,192.00"
21/10/2020,422.64,"32,370,460.00"
20/10/2020,421.94,"31,656,288.00"
19/10/2020,430.83,"36,287,844.00"
16/10/2020,439.67,"32,775,880.00"
15/10/2020,448.88,"35,672,352.00"
14/10/2020,461.3,"48,045,392.00"
13/10/2020,446.65,"34,463,664.00"
12/10/2020,442.3,"38,791,132.00"
9/10/2020,434,"28,925,656.00"
8/10/2020,425.92,"40,421,116.00"
7/10/2020,425.3,"43,127,708.00"
6/10/2020,413.98,"49,146,260.00"
5/10/2020,425.68,"44,722,784.00"
2/10/2020,415.09,"71,430,024.00"
1/10/2020,448.16,"50,741,456.00"
30/09/2020,429.01,"48,145,568.00"
29/09/2020,419.07,"50,341,404.00"
28/09/2020,421.2,"49,719,560.00"
25/09/2020,407.34,"67,208,456.00"
24/09/2020,387.79,"96,561,064.00"
23/09/2020,380.36,"95,074,176.00"
22/09/2020,424.23,"79,580,792.00"
21/09/2020,449.39,"109,476,800.00"
18/09/2020,442.15,"86,406,816.00"
17/09/2020,423.43,"76,779,160.00"
16/09/2020,441.76,"72,546,760.00"
15/09/2020,449.76,"97,298,224.00"
14/09/2020,419.62,"83,020,608.00"
11/09/2020,372.72,"60,717,460.00"
10/09/2020,371.34,"84,930,608.00"
9/09/2020,366.28,"79,465,768.00"
8/09/2020,330.21,"115,465,688.00"
4/09/2020,418.32,"110,321,888.00"
3/09/2020,407,"87,596,088.00"
2/09/2020,447.37,"96,280,976.00"
1/09/2020,475.05,"90,119,416.00"
31/08/2020,498.32,"118,415,568.00"
28/08/2020,442.68,"100,405,880.00"
27/08/2020,447.75,"118,465,216.00"
26/08/2020,430.634,"71,196,912.00"
25/08/2020,404.668,"53,294,464.00"
24/08/2020,402.84,"100,318,104.00"
21/08/2020,409.996,"107,447,792.00"
20/08/2020,400.366,"103,058,976.00"
19/08/2020,375.706,"61,026,656.00"
18/08/2020,377.418,"82,372,456.00"
17/08/2020,367.128,"101,211,616.00"
14/08/2020,330.142,"62,888,072.00"
13/08/2020,324.2,"102,126,544.00"
12/08/2020,310.952,"109,494,168.00"
11/08/2020,274.878,"43,129,168.00"
10/08/2020,283.714,"37,611,320.00"
7/08/2020,290.542,"44,482,100.00"
6/08/2020,297.916,"29,961,564.00"
5/08/2020,297.004,"24,890,076.00"
4/08/2020,297.4,"42,074,952.00"
3/08/2020,297,"44,046,728.00"
31/07/2020,286.152,"61,234,800.00"
30/07/2020,297.498,"38,105,196.00"
29/07/2020,299.822,"47,134,464.00"
28/07/2020,295.298,"79,043,504.00"
27/07/2020,307.92,"80,243,344.00"
24/07/2020,283.4,"96,983,080.00"
23/07/2020,302.614,"121,642,520.00"
22/07/2020,318.466,"70,805,400.00"
21/07/2020,313.672,"80,786,400.00"
20/07/2020,328.6,"85,606,832.00"
17/07/2020,300.168,"46,649,860.00"
16/07/2020,300.128,"71,503,928.00"
15/07/2020,309.202,"81,839,144.00"
14/07/2020,303.36,"117,090,704.00"
13/07/2020,299.412,"194,926,816.00"
10/07/2020,308.93,"116,687,768.00"
9/07/2020,278.856,"58,587,992.00"
8/07/2020,273.176,"81,556,560.00"
7/07/2020,277.972,"107,448,304.00"
6/07/2020,274.316,"102,849,320.00"
2/07/2020,241.732,"86,250,576.00"
1/07/2020,223.926,"66,634,480.00"
30/06/2020,215.962,"84,592,504.00"
29/06/2020,201.87,"45,132,020.00"
26/06/2020,191.948,"44,274,540.00"
25/06/2020,197.196,"46,272,744.00"
24/06/2020,192.17,"54,797,964.00"
23/06/2020,200.356,"31,826,356.00"
22/06/2020,198.864,"31,811,750.00"
19/06/2020,200.18,"43,398,744.00"
18/06/2020,200.792,"48,759,680.00"
17/06/2020,198.358,"49,454,000.00"
16/06/2020,196.426,"70,255,392.00"
15/06/2020,198.18,"78,485,888.00"
12/06/2020,187.056,"83,816,872.00"
11/06/2020,194.568,"79,582,408.00"
10/06/2020,205.01,"92,817,064.00"
9/06/2020,188.134,"56,940,768.00"
8/06/2020,189.984,"70,873,632.00"
5/06/2020,177.132,"39,059,584.00"
4/06/2020,172.876,"44,438,564.00"
3/06/2020,176.592,"39,747,344.00"
2/06/2020,176.312,"67,827,984.00"
1/06/2020,179.62,"75,426,488.00"
29/05/2020,167,"59,062,444.00"
28/05/2020,161.162,"36,378,872.00"
27/05/2020,164.046,"57,747,648.00"
26/05/2020,163.774,"40,448,680.00"
22/05/2020,163.376,"49,937,376.00"
21/05/2020,165.52,"61,272,920.00"
20/05/2020,163.112,"36,546,356.00"
19/05/2020,161.602,"48,182,608.00"
18/05/2020,162.726,"58,490,512.00"
15/05/2020,159.834,"52,592,140.00"
14/05/2020,160.666,"68,410,944.00"
13/05/2020,158.192,"95,327,456.00"
12/05/2020,161.882,"79,534,528.00"
11/05/2020,162.258,"82,598,008.00"
8/05/2020,163.884,"80,650,432.00"
7/05/2020,156.008,"57,638,432.00"
6/05/2020,156.516,"55,616,156.00"
5/05/2020,153.642,"84,958,280.00"
4/05/2020,152.238,"96,185,448.00"
1/05/2020,140.264,"162,659,040.00"
30/04/2020,156.376,"142,359,264.00"
29/04/2020,160.102,"81,079,912.00"
28/04/2020,153.824,"76,109,824.00"
27/04/2020,159.75,"103,407,208.00"
24/04/2020,145.03,"66,188,060.00"
23/04/2020,141.126,"66,183,484.00"
22/04/2020,146.422,"71,124,152.00"
21/04/2020,137.344,"101,045,464.00"
20/04/2020,149.272,"73,732,888.00"
17/04/2020,150.778,"65,641,184.00"
16/04/2020,149.042,"103,289,312.00"
15/04/2020,145.966,"117,885,008.00"
14/04/2020,141.978,"152,882,560.00"
13/04/2020,130.19,"112,377,104.00"
9/04/2020,114.6,"68,250,000.00"
8/04/2020,109.768,"63,280,120.00"
7/04/2020,109.09,"89,598,920.00"
6/04/2020,103.248,"74,509,184.00"
3/04/2020,96.002,"112,810,384.00"
2/04/2020,90.894,"99,292,136.00"
1/04/2020,96.312,"66,765,900.00"
31/03/2020,104.8,"88,857,424.00"
30/03/2020,100.426,"59,990,336.00"
27/03/2020,102.872,"71,887,040.00"
26/03/2020,105.632,"87,110,408.00"
25/03/2020,107.85,"106,113,728.00"
24/03/2020,101,"114,475,848.00"
23/03/2020,86.858,"82,272,744.00"
20/03/2020,85.506,"141,427,504.00"
19/03/2020,85.528,"150,977,296.00"
18/03/2020,72.244,"118,930,808.00"
17/03/2020,86.04,"119,972,896.00"
16/03/2020,89.014,"102,447,320.00"
13/03/2020,109.324,"113,201,272.00"
12/03/2020,112.11,"94,545,264.00"
11/03/2020,126.846,"67,067,936.00"
10/03/2020,129.066,"77,972,216.00"
9/03/2020,121.6,"85,368,704.00"
6/03/2020,140.696,"63,314,592.00"
5/03/2020,144.908,"54,263,284.00"
4/03/2020,149.9,"75,244,888.00"
3/03/2020,149.102,"128,920,016.00"
2/03/2020,148.724,"100,974,952.00"
28/02/2020,133.598,"122,820,856.00"
27/02/2020,135.8,"121,385,800.00"
26/02/2020,155.76,"70,769,216.00"
25/02/2020,159.982,"86,452,408.00"
24/02/2020,166.758,"75,960,816.00"
21/02/2020,180.2,"71,697,232.00"
20/02/2020,179.882,"88,174,464.00"
19/02/2020,183.484,"127,114,792.00"
18/02/2020,171.68,"83,491,848.00"
14/02/2020,160.006,"78,468,552.00"
13/02/2020,160.8,"131,446,736.00"
12/02/2020,153.458,"60,112,352.00"
11/02/2020,154.876,"58,487,364.00"
10/02/2020,154.256,"123,445,816.00"
7/02/2020,149.614,"85,317,608.00"
6/02/2020,149.792,"199,403,760.00"
5/02/2020,146.94,"242,119,184.00"
4/02/2020,177.412,"304,693,792.00"
3/02/2020,156,"236,167,472.00"
31/01/2020,130.114,"78,596,328.00"
30/01/2020,128.162,"145,028,384.00"
29/01/2020,116.198,"91,083,360.00"
28/01/2020,113.38,"58,942,464.00"
27/01/2020,111.604,"68,040,336.00"
24/01/2020,112.964,"71,768,000.00"
23/01/2020,114.44,"98,255,208.00"
22/01/2020,113.912,"156,845,136.00"
21/01/2020,109.44,"89,017,352.00"
17/01/2020,102.1,"68,145,368.00"
16/01/2020,102.698,"108,683,264.00"
15/01/2020,103.7,"86,844,152.00"
14/01/2020,107.584,"145,306,880.00"
13/01/2020,104.972,"133,172,736.00"
10/01/2020,95.63,"64,884,160.00"
9/01/2020,96.268,"142,315,936.00"
8/01/2020,98.428,"155,996,960.00"
7/01/2020,93.812,"91,045,688.00"
6/01/2020,90.308,"50,787,496.00"
3/01/2020,88.602,"88,973,488.00"
2/01/2020,86.052,"47,791,928.00"
31/12/2019,83.666,"51,462,280.00"
30/12/2019,82.94,"63,006,324.00"
27/12/2019,86.076,"49,784,136.00"
26/12/2019,86.188,"53,241,444.00"
24/12/2019,85.05,"40,273,600.00"
23/12/2019,83.844,"66,664,104.00"
20/12/2019,81.118,"73,926,032.00"
19/12/2019,80.808,"90,601,536.00"
18/12/2019,78.63,"70,681,960.00"
17/12/2019,75.798,"42,518,876.00"
16/12/2019,76.3,"91,104,704.00"
13/12/2019,71.678,"32,871,404.00"
12/12/2019,71.936,"38,881,056.00"
11/12/2019,70.54,"34,595,808.00"
10/12/2019,69.768,"44,199,756.00"
9/12/2019,67.906,"45,201,084.00"
6/12/2019,67.178,"38,094,684.00"
5/12/2019,66.074,"18,684,880.00"
4/12/2019,66.606,"27,681,276.00"
3/12/2019,67.24,"33,067,380.00"
2/12/2019,66.974,"30,409,930.00"
29/11/2019,65.988,"12,328,145.00"
27/11/2019,66.258,"27,817,296.00"
26/11/2019,65.784,"39,781,196.00"
25/11/2019,67.268,"61,728,824.00"
22/11/2019,66.608,"84,353,208.00"
21/11/2019,70.966,"30,550,064.00"
20/11/2019,70.444,"33,669,824.00"
19/11/2019,71.904,"38,680,392.00"
18/11/2019,69.998,"22,042,524.00"
15/11/2019,70.434,"24,062,816.00"
14/11/2019,69.87,"32,358,516.00"
13/11/2019,69.222,"42,339,316.00"
12/11/2019,69.986,"36,796,916.00"
11/11/2019,69.018,"49,968,444.00"
8/11/2019,67.428,"30,371,104.00"
7/11/2019,67.108,"72,336,736.00"
6/11/2019,65.316,"39,704,660.00"
5/11/2019,63.444,"34,717,084.00"
4/11/2019,63.494,"43,935,200.00"
1/11/2019,62.662,"31,919,644.00"
31/10/2019,62.984,"25,334,780.00"
30/10/2019,63.002,"48,209,048.00"
29/10/2019,63.244,"63,421,336.00"
28/10/2019,65.542,"94,351,432.00"
25/10/2019,65.626,"150,030,448.00"
24/10/2019,59.936,"149,096,160.00"
23/10/2019,50.936,"56,080,912.00"
22/10/2019,51.116,"23,125,476.00"
21/10/2019,50.7,"25,540,504.00"
18/10/2019,51.39,"28,768,330.00"
17/10/2019,52.394,"23,895,216.00"
16/10/2019,51.95,"33,521,516.00"
15/10/2019,51.578,"32,397,280.00"
14/10/2019,51.392,"51,134,316.00"
11/10/2019,49.578,"42,440,796.00"
10/10/2019,48.948,"31,567,084.00"
9/10/2019,48.906,"34,675,164.00"
8/10/2019,48.01,"43,511,688.00"
7/10/2019,47.544,"40,434,784.00"
4/10/2019,46.286,"40,105,900.00"
3/10/2019,46.606,"75,688,816.00"
2/10/2019,48.626,"31,282,740.00"
1/10/2019,48.938,"30,981,450.00"
30/09/2019,48.174,"29,730,804.00"
27/09/2019,48.426,"55,615,896.00"
26/09/2019,48.512,"60,393,924.00"
25/09/2019,45.74,"47,221,432.00"
24/09/2019,44.642,"64,705,560.00"
23/09/2019,48.246,"21,958,150.00"
20/09/2019,48.124,"32,531,320.00"
19/09/2019,49.32,"24,415,676.00"
18/09/2019,48.698,"21,140,516.00"
17/09/2019,48.958,"19,734,544.00"
16/09/2019,48.562,"23,640,480.00"
13/09/2019,49.04,"26,565,724.00"
12/09/2019,49.174,"42,906,048.00"
11/09/2019,49.42,"50,213,884.00"
10/09/2019,47.108,"24,418,570.00"
9/09/2019,46.358,"24,013,344.00"
6/09/2019,45.49,"20,946,860.00"
5/09/2019,45.916,"37,016,608.00"
4/09/2019,44.136,"28,843,480.00"
3/09/2019,45.002,"26,802,730.00"
30/08/2019,45.122,"46,638,876.00"
29/08/2019,44.342,"25,915,520.00"
28/08/2019,43.118,"16,193,125.00"
27/08/2019,42.816,"27,103,636.00"
26/08/2019,43,"25,272,070.00"
23/08/2019,42.28,"42,798,520.00"
22/08/2019,44.43,"32,824,820.00"
21/08/2019,44.166,"38,998,720.00"
20/08/2019,45.172,"20,852,636.00"
19/08/2019,45.366,"26,558,740.00"
16/08/2019,43.988,"26,036,880.00"
15/08/2019,43.128,"41,159,760.00"
14/08/2019,43.924,"47,812,956.00"
13/08/2019,47,"24,344,990.00"
12/08/2019,45.802,"23,319,684.00"
9/08/2019,47.002,"19,491,220.00"
8/08/2019,47.66,"26,371,744.00"
7/08/2019,46.684,"23,882,500.00"
6/08/2019,46.15,"27,821,000.00"
5/08/2019,45.664,"35,141,396.00"
2/08/2019,46.868,"30,682,404.00"
1/08/2019,46.77,"41,297,580.00"
31/07/2019,48.322,"45,891,040.00"
30/07/2019,48.452,"40,545,072.00"
29/07/2019,47.154,"46,366,656.00"
26/07/2019,45.608,"50,138,484.00"
25/07/2019,45.764,"112,091,264.00"
24/07/2019,52.976,"55,364,176.00"
23/07/2019,52.034,"25,115,604.00"
22/07/2019,51.136,"34,231,364.00"
19/07/2019,51.636,"35,242,048.00"
18/07/2019,50.708,"23,822,416.00"
17/07/2019,50.972,"48,823,636.00"
16/07/2019,50.476,"40,744,944.00"
15/07/2019,50.7,"55,000,460.00"
12/07/2019,49.016,"46,002,604.00"
11/07/2019,47.72,"37,572,152.00"
10/07/2019,47.784,"45,728,680.00"
9/07/2019,46.012,"30,954,176.00"
8/07/2019,46.068,"29,402,710.00"
5/07/2019,46.62,"35,328,688.00"
3/07/2019,46.98,"71,005,744.00"
2/07/2019,44.91,"46,295,136.00"
1/07/2019,45.434,"41,189,820.00"
28/06/2019,44.692,"34,256,920.00"
27/06/2019,44.568,"31,698,550.00"
26/06/2019,43.854,"42,536,040.00"
25/06/2019,43.952,"30,910,356.00"
24/06/2019,44.728,"28,753,856.00"
21/06/2019,44.372,"41,010,392.00"
20/06/2019,43.924,"59,317,312.00"
19/06/2019,45.286,"32,875,676.00"
18/06/2019,44.948,"63,578,940.00"
17/06/2019,45.006,"61,584,016.00"
14/06/2019,42.984,"37,167,008.00"
13/06/2019,42.782,"40,841,300.00"
12/06/2019,41.852,"75,987,720.00"
11/06/2019,43.42,"58,267,684.00"
10/06/2019,42.576,"52,925,196.00"
7/06/2019,40.9,"80,017,632.00"
6/06/2019,41.19,"101,210,752.00"
5/06/2019,39.318,"67,553,776.00"
4/06/2019,38.72,"69,037,608.00"
3/06/2019,35.794,"65,322,048.00"
31/05/2019,37.032,"52,033,660.00"
30/05/2019,37.644,"39,632,376.00"
29/05/2019,37.972,"59,843,192.00"
28/05/2019,37.74,"51,564,504.00"
24/05/2019,38.126,"70,682,864.00"
23/05/2019,39.098,"132,735,712.00"
22/05/2019,38.546,"93,425,936.00"
21/05/2019,41.016,"90,019,496.00"
20/05/2019,41.072,"102,630,976.00"
17/05/2019,42.206,"88,933,328.00"
16/05/2019,45.666,"37,416,364.00"
15/05/2019,46.39,"36,479,880.00"
14/05/2019,46.462,"36,262,060.00"
13/05/2019,45.402,"54,173,980.00"
10/05/2019,47.904,"35,041,680.00"
9/05/2019,48.396,"33,556,912.00"
8/05/2019,48.968,"30,882,200.00"
7/05/2019,49.412,"50,657,040.00"
6/05/2019,51.068,"54,169,716.00"
3/05/2019,51.006,"118,533,856.00"
2/05/2019,48.82,"90,796,696.00"
1/05/2019,46.802,"53,521,768.00"
30/04/2019,47.738,"47,323,140.00"
29/04/2019,48.294,"83,572,384.00"
26/04/2019,47.028,"111,803,544.00"
25/04/2019,49.526,"109,246,968.00"
24/04/2019,51.732,"53,637,272.00"
23/04/2019,52.78,"54,719,296.00"
22/04/2019,52.55,"60,735,704.00"
18/04/2019,54.652,"29,381,624.00"
17/04/2019,54.246,"25,632,340.00"
16/04/2019,54.672,"36,364,648.00"
15/04/2019,53.276,"50,192,896.00"
12/04/2019,53.54,"33,729,872.00"
11/04/2019,53.684,"49,179,636.00"
10/04/2019,55.212,"35,306,568.00"
9/04/2019,54.462,"29,520,156.00"
8/04/2019,54.64,"52,052,180.00"
5/04/2019,54.992,"65,191,284.00"
4/04/2019,53.556,"118,603,648.00"
3/04/2019,58.362,"39,649,320.00"
2/04/2019,57.176,"27,394,700.00"
1/04/2019,57.836,"40,552,196.00"
29/03/2019,55.972,"29,956,690.00"
28/03/2019,55.724,"33,870,464.00"
27/03/2019,54.966,"43,895,832.00"
26/03/2019,53.554,"36,754,740.00"
25/03/2019,52.084,"51,075,144.00"
22/03/2019,52.906,"43,728,044.00"
21/03/2019,54.804,"29,735,490.00"
20/03/2019,54.72,"34,541,120.00"
19/03/2019,53.494,"59,003,152.00"
18/03/2019,53.898,"51,404,900.00"
15/03/2019,55.086,"73,927,656.00"
14/03/2019,57.992,"35,517,236.00"
13/03/2019,57.792,"34,223,596.00"
12/03/2019,56.672,"37,520,684.00"
11/03/2019,58.184,"36,961,392.00"
8/03/2019,56.828,"44,098,124.00"
7/03/2019,55.318,"47,212,416.00"
6/03/2019,55.248,"51,677,424.00"
5/03/2019,55.308,"93,823,696.00"
4/03/2019,57.072,"85,484,088.00"
1/03/2019,58.958,"114,556,872.00"
28/02/2019,63.976,"52,603,264.00"
27/02/2019,62.948,"55,919,540.00"
26/02/2019,59.572,"42,912,676.00"
25/02/2019,59.754,"33,132,610.00"
22/02/2019,58.942,"28,702,790.00"
21/02/2019,58.246,"44,545,912.00"
20/02/2019,60.512,"35,710,584.00"
19/02/2019,61.128,"20,842,216.00"
15/02/2019,61.576,"19,524,736.00"
14/02/2019,60.754,"26,004,160.00"
13/02/2019,61.634,"25,708,084.00"
12/02/2019,62.362,"27,587,850.00"
11/02/2019,62.568,"35,648,564.00"
8/02/2019,61.16,"29,221,060.00"
7/02/2019,61.502,"32,603,056.00"
6/02/2019,63.444,"25,192,730.00"
5/02/2019,64.27,"33,713,824.00"
4/02/2019,62.578,"36,760,408.00"
1/02/2019,62.442,"36,417,204.00"
31/01/2019,61.404,"62,846,224.00"
30/01/2019,61.754,"56,251,592.00"
29/01/2019,59.492,"23,108,460.00"
28/01/2019,59.276,"32,116,396.00"
25/01/2019,59.408,"36,290,392.00"
24/01/2019,58.302,"40,060,776.00"
23/01/2019,57.518,"62,649,964.00"
22/01/2019,59.784,"60,333,704.00"
18/01/2019,60.452,"120,753,816.00"
17/01/2019,69.462,"18,383,664.00"
16/01/2019,69.21,"23,458,696.00"
15/01/2019,68.886,"30,282,950.00"
14/01/2019,66.88,"26,236,420.00"
11/01/2019,69.452,"25,195,260.00"
10/01/2019,68.994,"30,281,770.00"
9/01/2019,67.706,"27,164,724.00"
8/01/2019,67.07,"35,042,580.00"
7/01/2019,66.992,"37,756,124.00"
4/01/2019,63.538,"36,970,580.00"
3/01/2019,60.072,"34,825,920.00"
2/01/2019,62.024,"58,293,240.00"
31/12/2018,66.56,"31,511,690.00"
28/12/2018,66.774,"49,694,960.00"
27/12/2018,63.226,"42,875,664.00"
26/12/2018,65.218,"40,815,688.00"
24/12/2018,59.078,"27,799,564.00"
21/12/2018,63.954,"40,084,004.00"
20/12/2018,63.076,"45,359,288.00"
19/12/2018,66.594,"41,370,904.00"
18/12/2018,67.406,"35,499,996.00"
17/12/2018,69.684,"38,370,040.00"
14/12/2018,73.142,"31,687,776.00"
13/12/2018,75.358,"36,829,272.00"
12/12/2018,73.32,"25,135,240.00"
11/12/2018,73.352,"31,543,844.00"
10/12/2018,73.03,"33,067,276.00"
7/12/2018,71.593,"57,555,884.00"
6/12/2018,72.612,"39,212,540.00"
4/12/2018,71.94,"42,309,724.00"
3/12/2018,71.698,"41,532,556.00"
30/11/2018,70.096,"28,144,476.00"
29/11/2018,68.234,"15,403,620.00"
28/11/2018,69.574,"20,637,890.00"
27/11/2018,68.784,"31,791,500.00"
26/11/2018,69.2,"39,960,704.00"
23/11/2018,65.166,"21,013,210.00"
21/11/2018,67.638,"23,434,040.00"
20/11/2018,69.498,"40,023,544.00"
19/11/2018,70.694,"48,544,356.00"
16/11/2018,70.862,"36,030,956.00"
15/11/2018,69.688,"23,128,596.00"
14/11/2018,68.8,"25,201,436.00"
13/11/2018,67.746,"27,242,984.00"
12/11/2018,66.256,"34,707,616.00"
9/11/2018,70.102,"25,494,230.00"
8/11/2018,70.28,"35,453,368.00"
7/11/2018,69.632,"36,872,608.00"
6/11/2018,68.212,"33,814,444.00"
5/11/2018,68.28,"39,155,240.00"
2/11/2018,69.282,"39,039,856.00"
1/11/2018,68.856,"40,000,660.00"
31/10/2018,67.464,"38,121,740.00"
30/10/2018,65.98,"45,633,520.00"
29/10/2018,66.97,"72,430,136.00"
26/10/2018,66.18,"137,127,600.00"
25/10/2018,62.972,"104,203,616.00"
24/10/2018,57.7,"100,291,288.00"
23/10/2018,58.828,"95,138,768.00"
22/10/2018,52.19,"28,001,300.00"
19/10/2018,52,"46,877,744.00"
18/10/2018,52.782,"27,105,920.00"
17/10/2018,54.356,"43,277,712.00"
16/10/2018,55.318,"47,632,004.00"
15/10/2018,51.918,"30,999,824.00"
12/10/2018,51.756,"36,007,020.00"
11/10/2018,50.446,"40,838,688.00"
10/10/2018,51.376,"64,076,392.00"
9/10/2018,52.56,"60,302,872.00"
8/10/2018,50.112,"67,363,264.00"
5/10/2018,52.39,"89,722,688.00"
4/10/2018,56.366,"49,071,060.00"
3/10/2018,58.96,"39,974,940.00"
2/10/2018,60.204,"58,717,556.00"
1/10/2018,62.14,"108,887,984.00"
28/09/2018,52.954,"168,248,464.00"
27/09/2018,61.504,"42,545,420.00"
26/09/2018,61.916,"39,216,080.00"
25/09/2018,60.198,"22,408,644.00"
24/09/2018,59.936,"24,214,804.00"
21/09/2018,59.82,"25,252,390.00"
20/09/2018,59.666,"36,747,112.00"
19/09/2018,59.804,"41,474,584.00"
18/09/2018,56.992,"82,737,608.00"
17/09/2018,58.968,"34,437,884.00"
14/09/2018,59.04,"33,828,060.00"
13/09/2018,57.892,"31,701,680.00"
12/09/2018,58.108,"50,077,136.00"
11/09/2018,55.888,"45,849,944.00"
10/09/2018,57.1,"71,417,640.00"
7/09/2018,52.648,"112,459,656.00"
6/09/2018,56.19,"37,403,800.00"
5/09/2018,56.148,"38,604,104.00"
4/09/2018,57.79,"41,752,344.00"
31/08/2018,60.332,"26,875,520.00"
30/08/2018,60.63,"36,083,528.00"
29/08/2018,61.002,"37,236,960.00"
28/08/2018,62.372,"38,245,456.00"
27/08/2018,63.854,"65,396,440.00"
24/08/2018,64.564,"18,012,820.00"
23/08/2018,64.02,"25,736,430.00"
22/08/2018,64.328,"29,729,776.00"
21/08/2018,64.38,"65,861,152.00"
20/08/2018,61.688,"87,011,672.00"
17/08/2018,61.1,"94,793,056.00"
16/08/2018,67.09,"30,320,164.00"
15/08/2018,67.738,"45,506,288.00"
14/08/2018,69.528,"34,932,136.00"
13/08/2018,71.282,"52,319,404.00"
10/08/2018,71.098,"57,760,220.00"
9/08/2018,70.49,"85,919,056.00"
8/08/2018,74.068,"122,855,816.00"
7/08/2018,75.914,"154,378,848.00"
6/08/2018,68.398,"42,821,656.00"
3/08/2018,69.634,"68,282,432.00"
2/08/2018,69.908,"116,074,808.00"
1/08/2018,60.168,"50,647,152.00"
31/07/2018,59.628,"25,384,580.00"
30/07/2018,58.034,"34,070,360.00"
27/07/2018,59.436,"28,516,630.00"
26/07/2018,61.33,"23,152,610.00"
25/07/2018,61.748,"35,470,900.00"
24/07/2018,59.486,"47,953,920.00"
23/07/2018,60.64,"54,964,736.00"
20/07/2018,62.716,"25,832,736.00"
19/07/2018,64.046,"29,576,724.00"
18/07/2018,64.77,"28,121,056.00"
17/07/2018,64.538,"34,981,160.00"
16/07/2018,62.02,"39,093,276.00"
13/07/2018,63.774,"29,378,850.00"
12/07/2018,63.342,"28,605,830.00"
11/07/2018,63.792,"24,420,380.00"
10/07/2018,64.494,"47,357,488.00"
9/07/2018,63.702,"37,983,764.00"
6/07/2018,61.78,"44,327,256.00"
5/07/2018,61.832,"87,381,872.00"
3/07/2018,62.172,"61,413,192.00"
2/07/2018,67.014,"93,798,824.00"
29/06/2018,68.59,"32,461,980.00"
28/06/2018,69.986,"41,990,024.00"
27/06/2018,68.9,"41,668,636.00"
26/06/2018,68.4,"37,262,436.00"
25/06/2018,66.602,"34,656,520.00"
22/06/2018,66.726,"51,330,296.00"
21/06/2018,69.502,"39,835,724.00"
20/06/2018,72.444,"41,918,280.00"
19/06/2018,70.51,"63,809,516.00"
18/06/2018,74.166,"60,366,128.00"
15/06/2018,71.634,"54,241,272.00"
14/06/2018,71.544,"54,905,116.00"
13/06/2018,68.956,"47,349,020.00"
12/06/2018,68.554,"111,737,016.00"
11/06/2018,66.42,"65,917,364.00"
8/06/2018,63.532,"41,026,008.00"
7/06/2018,63.218,"71,726,352.00"
6/06/2018,63.9,"93,836,344.00"
5/06/2018,58.226,"29,975,784.00"
4/06/2018,59.348,"23,989,050.00"
1/06/2018,58.364,"27,121,930.00"
31/05/2018,56.946,"29,598,604.00"
30/05/2018,58.344,"37,448,432.00"
29/05/2018,56.752,"28,333,200.00"
25/05/2018,55.77,"19,375,410.00"
24/05/2018,55.57,"20,883,540.00"
23/05/2018,55.814,"29,925,264.00"
22/05/2018,55.002,"44,728,780.00"
21/05/2018,56.898,"45,912,856.00"
18/05/2018,55.364,"36,259,436.00"
17/05/2018,56.908,"22,103,060.00"
16/05/2018,57.296,"28,370,096.00"
15/05/2018,56.836,"47,595,864.00"
14/05/2018,58.394,"36,434,020.00"
11/05/2018,60.212,"23,398,244.00"
10/05/2018,61.004,"28,257,804.00"
9/05/2018,61.37,"28,636,824.00"
8/05/2018,60.394,"29,650,000.00"
7/05/2018,60.554,"43,391,120.00"
4/05/2018,58.818,"42,846,768.00"
3/05/2018,56.89,"86,760,648.00"
2/05/2018,60.23,"44,851,848.00"
1/05/2018,59.984,"23,128,016.00"
30/04/2018,58.78,"21,140,860.00"
27/04/2018,58.815,"21,823,130.00"
26/04/2018,57.096,"21,780,064.00"
25/04/2018,56.138,"20,067,870.00"
24/04/2018,56.692,"28,426,540.00"
23/04/2018,56.674,"24,466,890.00"
20/04/2018,58.048,"28,139,640.00"
19/04/2018,60.016,"30,452,996.00"
18/04/2018,58.67,"32,788,500.00"
17/04/2018,57.538,"35,000,116.00"
16/04/2018,58.242,"31,692,440.00"
13/04/2018,60.068,"36,636,116.00"
12/04/2018,58.816,"38,043,844.00"
11/04/2018,60.186,"37,414,724.00"
10/04/2018,60.94,"55,121,296.00"
9/04/2018,57.932,"51,249,024.00"
6/04/2018,59.86,"67,601,432.00"
5/04/2018,61.144,"95,605,504.00"
4/04/2018,57.388,"99,483,728.00"
3/04/2018,53.506,"94,221,920.00"
2/04/2018,50.496,"80,569,840.00"
29/03/2018,53.226,"75,853,744.00"
28/03/2018,51.556,"105,007,184.00"
27/03/2018,55.836,"69,360,144.00"
26/03/2018,60.836,"41,875,876.00"
23/03/2018,60.308,"33,274,496.00"
22/03/2018,61.82,"24,698,856.00"
21/03/2018,63.306,"29,792,056.00"
20/03/2018,62.11,"23,821,464.00"
19/03/2018,62.712,"37,421,472.00"
16/03/2018,64.27,"30,586,396.00"
15/03/2018,65.12,"32,824,004.00"
14/03/2018,65.326,"39,836,848.00"
13/03/2018,68.368,"29,829,024.00"
12/03/2018,69.102,"41,320,176.00"
9/03/2018,65.434,"27,533,820.00"
8/03/2018,65.82,"17,831,220.00"
7/03/2018,66.46,"25,036,484.00"
6/03/2018,65.64,"21,428,720.00"
5/03/2018,66.67,"19,118,844.00"
2/03/2018,67.024,"25,464,144.00"
1/03/2018,66.186,"34,428,004.00"
28/02/2018,68.612,"30,348,290.00"
27/02/2018,70.198,"23,987,096.00"
26/02/2018,71.484,"21,699,924.00"
23/02/2018,70.41,"29,086,936.00"
22/02/2018,69.234,"34,849,040.00"
21/02/2018,66.66,"16,098,245.00"
20/02/2018,66.954,"20,047,176.00"
16/02/2018,67.098,"28,213,184.00"
15/02/2018,66.813,"29,564,584.00"
14/02/2018,64.462,"19,753,716.00"
13/02/2018,64.732,"22,801,156.00"
12/02/2018,63.146,"31,139,110.00"
9/02/2018,62.084,"64,668,604.00"
8/02/2018,63.046,"51,572,864.00"
7/02/2018,69,"34,846,196.00"
6/02/2018,66.794,"25,442,190.00"
5/02/2018,66.626,"22,320,736.00"
2/02/2018,68.75,"18,524,180.00"
1/02/2018,69.85,"20,988,436.00"
31/01/2018,70.862,"31,070,344.00"
30/01/2018,69.164,"23,588,500.00"
29/01/2018,69.906,"23,735,744.00"
26/01/2018,68.57,"22,696,780.00"
25/01/2018,67.528,"33,701,516.00"
24/01/2018,69.178,"26,437,390.00"
23/01/2018,70.558,"27,327,070.00"
22/01/2018,70.312,"31,051,800.00"
19/01/2018,70.004,"24,441,516.00"
18/01/2018,68.914,"28,429,224.00"
17/01/2018,69.432,"35,517,524.00"
16/01/2018,68.012,"32,371,256.00"
12/01/2018,67.244,"24,125,296.00"
11/01/2018,67.59,"33,227,420.00"
10/01/2018,66.96,"21,549,630.00"
9/01/2018,66.738,"35,733,156.00"
8/01/2018,67.282,"49,297,176.00"
5/01/2018,63.316,"22,955,900.00"
4/01/2018,62.924,"49,731,520.00"
3/01/2018,63.45,"22,607,636.00"
2/01/2018,64.106,"21,761,204.00"
29/12/2017,62.27,"18,885,776.00"
28/12/2017,63.072,"21,581,736.00"
27/12/2017,62.328,"23,560,556.00"
26/12/2017,63.458,"21,892,064.00"
22/12/2017,65.04,"21,079,036.00"
21/12/2017,66.332,"21,926,110.00"
20/12/2017,65.796,"29,769,000.00"
19/12/2017,66.22,"34,124,856.00"
18/12/2017,67.774,"27,380,830.00"
15/12/2017,68.69,"34,665,996.00"
14/12/2017,67.578,"28,999,580.00"
13/12/2017,67.806,"31,107,304.00"
12/12/2017,68.206,"43,665,996.00"
11/12/2017,65.782,"39,689,904.00"
8/12/2017,63.026,"17,342,290.00"
7/12/2017,62.248,"23,902,984.00"
6/12/2017,62.652,"35,976,704.00"
5/12/2017,60.74,"23,232,600.00"
4/12/2017,61.04,"29,175,700.00"
1/12/2017,61.306,"21,464,340.00"
30/11/2017,61.77,"21,757,936.00"
29/11/2017,61.508,"43,836,992.00"
28/11/2017,63.51,"24,747,456.00"
27/11/2017,63.362,"22,779,470.00"
24/11/2017,63.11,"16,220,325.00"
22/11/2017,62.52,"24,588,180.00"
21/11/2017,63.562,"36,306,364.00"
20/11/2017,61.748,"41,238,248.00"
17/11/2017,63.01,"68,675,696.00"
16/11/2017,62.5,"29,110,364.00"
15/11/2017,62.26,"29,893,324.00"
14/11/2017,61.74,"28,380,380.00"
13/11/2017,63.08,"37,924,720.00"
10/11/2017,60.598,"23,127,144.00"
9/11/2017,60.598,"27,235,736.00"
8/11/2017,60.878,"23,626,356.00"
7/11/2017,61.21,"26,471,370.00"
6/11/2017,60.556,"32,430,044.00"
3/11/2017,61.218,"44,469,872.00"
2/11/2017,59.852,"98,957,080.00"
1/11/2017,64.216,"42,286,680.00"
31/10/2017,66.306,"28,361,736.00"
30/10/2017,64.016,"21,271,890.00"
27/10/2017,64.174,"34,898,520.00"
26/10/2017,65.234,"25,117,500.00"
25/10/2017,65.168,"42,970,364.00"
24/10/2017,67.468,"22,458,360.00"
23/10/2017,67.404,"28,736,730.00"
20/10/2017,69.02,"24,651,976.00"
19/10/2017,70.362,"25,309,216.00"
18/10/2017,71.93,"24,695,370.00"
17/10/2017,71.15,"16,466,725.00"
16/10/2017,70.12,"26,877,430.00"
13/10/2017,71.114,"17,702,664.00"
12/10/2017,71.136,"20,435,240.00"
11/10/2017,70.92,"22,504,156.00"
10/10/2017,71.118,"34,892,476.00"
9/10/2017,68.588,"37,468,272.00"
6/10/2017,71.376,"21,487,370.00"
5/10/2017,71.066,"20,858,376.00"
4/10/2017,71.002,"40,817,716.00"
3/10/2017,69.628,"50,767,980.00"
2/10/2017,68.306,"26,433,870.00"
29/09/2017,68.22,"25,535,410.00"
28/09/2017,67.92,"26,598,084.00"
27/09/2017,68.194,"30,301,650.00"
26/09/2017,69.05,"35,781,368.00"
25/09/2017,68.998,"38,029,728.00"
22/09/2017,70.218,"40,797,088.00"
21/09/2017,73.296,"23,090,950.00"
20/09/2017,74.782,"24,595,260.00"
19/09/2017,75.02,"32,259,430.00"
18/09/2017,77,"35,939,900.00"
15/09/2017,75.962,"27,102,480.00"
14/09/2017,75.528,"36,012,620.00"
13/09/2017,73.246,"20,926,156.00"
12/09/2017,72.55,"29,864,536.00"
11/09/2017,72.738,"38,335,276.00"
8/09/2017,68.68,"16,317,540.00"
7/09/2017,70.122,"21,196,064.00"
6/09/2017,68.906,"20,456,756.00"
5/09/2017,69.918,"19,241,910.00"
1/09/2017,71.08,"15,247,730.00"
31/08/2017,71.18,"20,363,976.00"
30/08/2017,70.636,"17,064,716.00"
29/08/2017,69.472,"20,368,376.00"
28/08/2017,69.132,"18,819,780.00"
25/08/2017,69.61,"17,419,780.00"
24/08/2017,70.586,"22,923,436.00"
23/08/2017,70.554,"24,772,520.00"
22/08/2017,68.27,"21,609,830.00"
21/08/2017,67.572,"32,477,120.00"
18/08/2017,69.492,"27,040,916.00"
17/08/2017,70.384,"25,138,300.00"
16/08/2017,72.582,"17,068,864.00"
15/08/2017,72.466,"15,425,440.00"
14/08/2017,72.76,"22,595,930.00"
11/08/2017,71.574,"21,828,916.00"
10/08/2017,71.08,"35,464,288.00"
9/08/2017,72.706,"34,460,480.00"
8/08/2017,73.044,"37,249,184.00"
7/08/2017,71.034,"31,622,400.00"
4/08/2017,71.382,"46,344,544.00"
3/08/2017,69.418,"67,675,168.00"
2/08/2017,65.178,"65,457,312.00"
1/08/2017,63.914,"41,515,512.00"
31/07/2017,64.694,"42,675,680.00"
28/07/2017,67.014,"24,402,070.00"
27/07/2017,66.892,"41,512,024.00"
26/07/2017,68.77,"24,103,950.00"
25/07/2017,67.92,"34,945,984.00"
24/07/2017,68.504,"43,185,408.00"
21/07/2017,65.68,"24,508,030.00"
20/07/2017,65.984,"25,830,940.00"
19/07/2017,65.052,"31,785,070.00"
18/07/2017,65.648,"31,868,600.00"
17/07/2017,63.914,"49,384,560.00"
14/07/2017,65.556,"28,126,056.00"
13/07/2017,64.682,"42,972,328.00"
12/07/2017,65.904,"51,730,636.00"
11/07/2017,65.444,"57,797,008.00"
10/07/2017,63.21,"69,104,448.00"
7/07/2017,62.644,"70,884,576.00"
6/07/2017,61.766,"96,622,472.00"
5/07/2017,65.418,"85,233,504.00"
3/07/2017,70.524,"31,527,004.00"
30/06/2017,72.322,"29,242,604.00"
29/06/2017,72.15,"41,105,192.00"
28/06/2017,74.248,"31,512,316.00"
27/06/2017,72.474,"34,981,996.00"
26/06/2017,75.498,"33,020,496.00"
23/06/2017,76.69,"32,228,790.00"
22/06/2017,76.522,"37,648,888.00"
21/06/2017,75.28,"24,616,050.00"
20/06/2017,74.448,"37,193,504.00"
19/06/2017,73.96,"32,746,660.00"
16/06/2017,74.28,"33,654,864.00"
15/06/2017,75.068,"52,132,344.00"
14/06/2017,76.132,"64,092,144.00"
13/06/2017,75.19,"59,039,600.00"
12/06/2017,71.802,"52,588,300.00"
9/06/2017,71.464,"86,307,176.00"
8/06/2017,74,"45,307,480.00"
7/06/2017,71.93,"46,989,796.00"
6/06/2017,70.57,"55,433,992.00"
5/06/2017,69.464,"33,921,840.00"
2/06/2017,67.97,"27,951,196.00"
1/06/2017,68.074,"38,039,980.00"
31/05/2017,68.202,"49,817,220.00"
30/05/2017,67.02,"38,914,580.00"
26/05/2017,65.028,"39,010,996.00"
25/05/2017,63.366,"25,069,816.00"
24/05/2017,62.044,"25,208,460.00"
23/05/2017,60.772,"21,591,770.00"
22/05/2017,62.07,"21,645,890.00"
19/05/2017,62.166,"23,437,860.00"
18/05/2017,62.612,"28,269,004.00"
17/05/2017,61.222,"33,559,700.00"
16/05/2017,63.402,"20,762,420.00"
15/05/2017,63.176,"38,110,020.00"
12/05/2017,64.962,"20,608,060.00"
11/05/2017,64.62,"23,769,096.00"
10/05/2017,65.044,"28,708,036.00"
9/05/2017,64.252,"48,382,684.00"
8/05/2017,61.438,"35,032,356.00"
5/05/2017,61.67,"40,886,736.00"
4/05/2017,59.092,"70,760,040.00"
3/05/2017,62.204,"35,666,824.00"
2/05/2017,63.778,"26,913,884.00"
1/05/2017,64.566,"44,147,824.00"
28/04/2017,62.814,"22,527,390.00"
27/04/2017,61.726,"17,342,844.00"
26/04/2017,62.034,"23,475,220.00"
25/04/2017,62.758,"33,688,540.00"
24/04/2017,61.606,"25,417,524.00"
21/04/2017,61.12,"22,548,780.00"
20/04/2017,60.502,"30,746,760.00"
19/04/2017,61.104,"19,490,120.00"
18/04/2017,60.05,"15,178,490.00"
17/04/2017,60.288,"20,693,680.00"
13/04/2017,60.8,"46,423,168.00"
12/04/2017,59.368,"30,253,410.00"
11/04/2017,61.742,"28,622,884.00"
10/04/2017,62.478,"38,322,288.00"
7/04/2017,60.508,"22,898,064.00"
6/04/2017,59.74,"27,602,940.00"
5/04/2017,59,"39,404,688.00"
4/04/2017,60.74,"50,672,780.00"
3/04/2017,59.704,"69,443,088.00"
31/03/2017,55.66,"16,473,200.00"
30/03/2017,55.584,"20,742,130.00"
29/03/2017,55.476,"18,380,784.00"
28/03/2017,55.49,"39,938,020.00"
27/03/2017,54.044,"31,153,976.00"
24/03/2017,52.632,"28,236,264.00"
23/03/2017,50.956,"16,601,225.00"
22/03/2017,51.002,"20,296,484.00"
21/03/2017,50.136,"34,542,768.00"
20/03/2017,52.384,"18,071,470.00"
17/03/2017,52.3,"32,487,480.00"
16/03/2017,52.41,"35,660,764.00"
15/03/2017,51.146,"26,654,030.00"
14/03/2017,51.6,"37,992,232.00"
13/03/2017,49.234,"15,113,125.00"
10/03/2017,48.738,"15,331,360.00"
9/03/2017,48.98,"19,396,464.00"
8/03/2017,49.374,"18,643,244.00"
7/03/2017,49.718,"17,297,350.00"
6/03/2017,50.242,"16,777,500.00"
3/03/2017,50.314,"14,646,170.00"
2/03/2017,50.096,"16,759,165.00"
1/03/2017,50.004,"24,047,440.00"
28/02/2017,49.998,"30,390,724.00"
27/02/2017,49.246,"57,304,048.00"
24/02/2017,51.4,"40,858,128.00"
23/02/2017,51.198,"74,576,248.00"
22/02/2017,54.702,"43,774,876.00"
21/02/2017,55.478,"28,383,736.00"
17/02/2017,54.446,"31,285,744.00"
16/02/2017,53.79,"35,386,608.00"
15/02/2017,55.952,"24,739,280.00"
14/02/2017,56.196,"36,726,120.00"
13/02/2017,56.12,"35,148,024.00"
10/02/2017,53.846,"18,098,696.00"
9/02/2017,53.84,"39,101,112.00"
8/02/2017,52.416,"19,665,070.00"
7/02/2017,51.496,"21,223,876.00"
6/02/2017,51.554,"17,812,584.00"
3/02/2017,50.266,"10,933,615.00"
2/02/2017,50.31,"12,498,875.00"
1/02/2017,49.848,"19,794,144.00"
31/01/2017,50.386,"20,580,520.00"
30/01/2017,50.126,"19,005,370.00"
27/01/2017,50.59,"15,831,680.00"
26/01/2017,50.502,"15,760,615.00"
25/01/2017,50.894,"25,731,804.00"
24/01/2017,50.922,"24,827,256.00"
23/01/2017,49.784,"31,314,690.00"
20/01/2017,48.946,"21,021,376.00"
19/01/2017,48.752,"38,661,516.00"
18/01/2017,47.672,"18,844,836.00"
17/01/2017,47.116,"23,087,610.00"
13/01/2017,47.55,"30,464,800.00"
12/01/2017,45.918,"18,951,144.00"
11/01/2017,45.946,"18,254,124.00"
10/01/2017,45.974,"18,299,776.00"
9/01/2017,46.256,"19,897,420.00"
6/01/2017,45.802,"27,639,464.00"
5/01/2017,45.35,"29,558,476.00"
4/01/2017,45.398,"56,067,356.00"
3/01/2017,43.398,"29,616,270.00"
30/12/2016,42.738,"23,213,100.00"
29/12/2016,42.936,"20,224,840.00"
28/12/2016,43.948,"18,912,280.00"
27/12/2016,43.906,"29,578,660.00"
23/12/2016,42.668,"23,352,320.00"
22/12/2016,41.69,"15,555,540.00"
21/12/2016,41.54,"26,038,110.00"
20/12/2016,41.758,"23,445,356.00"
19/12/2016,40.546,"17,440,356.00"
16/12/2016,40.498,"18,984,444.00"
15/12/2016,39.516,"16,097,835.00"
14/12/2016,39.738,"20,754,636.00"
13/12/2016,39.63,"34,119,420.00"
12/12/2016,38.486,"12,194,380.00"
9/12/2016,38.436,"13,612,525.00"
8/12/2016,38.458,"15,970,740.00"
7/12/2016,38.63,"27,309,256.00"
6/12/2016,37.17,"16,958,110.00"
5/12/2016,37.36,"20,361,196.00"
2/12/2016,36.294,"20,211,620.00"
1/12/2016,36.376,"25,632,004.00"
30/11/2016,37.88,"17,735,520.00"
29/11/2016,37.914,"22,196,280.00"
28/11/2016,39.224,"22,645,910.00"
25/11/2016,39.33,"11,830,490.00"
23/11/2016,38.628,"24,459,464.00"
22/11/2016,38.234,"28,016,804.00"
21/11/2016,36.904,"21,805,216.00"
18/11/2016,37.004,"26,051,736.00"
17/11/2016,37.732,"24,435,336.00"
16/11/2016,36.786,"17,172,184.00"
15/11/2016,36.754,"19,510,090.00"
14/11/2016,36.29,"32,761,024.00"
11/11/2016,37.712,"19,942,520.00"
10/11/2016,37.07,"33,751,704.00"
9/11/2016,38.012,"40,865,324.00"
8/11/2016,38.988,"16,337,900.00"
7/11/2016,38.642,"19,350,560.00"
4/11/2016,38.112,"25,730,216.00"
3/11/2016,37.484,"13,265,115.00"
2/11/2016,37.604,"21,266,910.00"
1/11/2016,38.158,"35,300,180.00"
31/10/2016,39.546,"23,461,364.00"
28/10/2016,39.994,"21,400,704.00"
27/10/2016,40.802,"65,468,720.00"
26/10/2016,40.448,"28,164,204.00"
25/10/2016,40.468,"12,225,070.00"
24/10/2016,40.552,"13,757,810.00"
21/10/2016,40.018,"14,717,010.00"
20/10/2016,39.82,"25,364,384.00"
19/10/2016,40.712,"34,955,916.00"
18/10/2016,39.82,"28,402,376.00"
17/10/2016,38.792,"22,770,400.00"
14/10/2016,39.302,"21,349,250.00"
13/10/2016,40.048,"12,477,065.00"
12/10/2016,40.302,"9,853,445.00"
11/10/2016,40.02,"11,642,110.00"
10/10/2016,40.19,"16,581,485.00"
7/10/2016,39.322,"17,465,090.00"
6/10/2016,40.2,"23,517,010.00"
5/10/2016,41.692,"9,387,670.00"
4/10/2016,42.282,"17,707,404.00"
3/10/2016,42.74,"29,999,460.00"
30/09/2016,40.806,"12,931,365.00"
29/09/2016,40.14,"13,635,145.00"
28/09/2016,41.254,"10,441,870.00"
27/09/2016,41.162,"16,865,900.00"
26/09/2016,41.798,"11,971,790.00"
23/09/2016,41.49,"14,526,145.00"
22/09/2016,41.286,"11,914,510.00"
21/09/2016,41.044,"13,167,515.00"
20/09/2016,40.928,"12,052,440.00"
19/09/2016,41.268,"11,497,490.00"
16/09/2016,41.08,"15,539,040.00"
15/09/2016,40.084,"15,425,575.00"
14/09/2016,39.282,"11,296,155.00"
13/09/2016,39.21,"17,946,896.00"
12/09/2016,39.66,"18,575,804.00"
9/09/2016,38.894,"18,784,960.00"
8/09/2016,39.472,"16,889,730.00"
7/09/2016,40.342,"18,204,616.00"
6/09/2016,40.566,"21,952,860.00"
2/09/2016,39.556,"29,887,064.00"
1/09/2016,40.154,"39,715,688.00"
31/08/2016,42.402,"16,382,740.00"
30/08/2016,42.268,"15,844,310.00"
29/08/2016,43.04,"16,331,670.00"
26/08/2016,43.998,"11,194,960.00"
25/08/2016,44.192,"8,812,595.00"
24/08/2016,44.524,"12,853,465.00"
23/08/2016,44.968,"23,922,090.00"
22/08/2016,44.586,"10,327,465.00"
19/08/2016,45,"8,297,650.00"
18/08/2016,44.702,"8,572,335.00"
17/08/2016,44.648,"8,935,635.00"
16/08/2016,44.722,"11,335,735.00"
15/08/2016,45.118,"10,171,640.00"
12/08/2016,45.122,"9,067,700.00"
11/08/2016,44.982,"9,404,680.00"
10/08/2016,45.13,"11,691,505.00"
9/08/2016,45.816,"11,039,165.00"
8/08/2016,45.232,"11,317,920.00"
5/08/2016,46.006,"16,026,075.00"
4/08/2016,46.122,"20,734,984.00"
3/08/2016,45.158,"19,438,796.00"
2/08/2016,45.44,"19,672,160.00"
1/08/2016,46.002,"20,081,420.00"
29/07/2016,46.958,"15,354,065.00"
28/07/2016,46.122,"12,095,295.00"
27/07/2016,45.698,"14,445,035.00"
26/07/2016,45.902,"17,150,210.00"
25/07/2016,46.002,"22,453,416.00"
22/07/2016,44.454,"12,898,460.00"
21/07/2016,44.1,"22,143,256.00"
20/07/2016,45.672,"12,842,490.00"
19/07/2016,45.052,"15,575,325.00"
18/07/2016,45.25,"17,060,276.00"
15/07/2016,44.08,"11,171,235.00"
14/07/2016,44.306,"13,379,170.00"
13/07/2016,44.506,"17,835,310.00"
12/07/2016,44.93,"22,880,824.00"
11/07/2016,44.956,"27,149,116.00"
8/07/2016,43.356,"20,373,924.00"
7/07/2016,43.188,"18,057,656.00"
6/07/2016,42.888,"24,599,276.00"
5/07/2016,42.796,"25,876,724.00"
1/07/2016,43.3,"26,999,756.00"
30/06/2016,42.456,"24,215,556.00"
29/06/2016,42.038,"29,974,540.00"
28/06/2016,40.358,"31,062,110.00"
27/06/2016,39.71,"36,101,616.00"
24/06/2016,38.63,"35,132,580.00"
23/06/2016,39.28,"50,653,740.00"
22/06/2016,39.332,"118,712,072.00"
21/06/2016,43.922,"22,645,024.00"
20/06/2016,43.94,"17,777,356.00"
17/06/2016,43.094,"15,563,100.00"
16/06/2016,43.586,"12,201,295.00"
15/06/2016,43.54,"14,542,610.00"
14/06/2016,42.992,"17,900,836.00"
13/06/2016,43.574,"20,965,110.00"
10/06/2016,43.758,"30,133,016.00"
9/06/2016,45.872,"22,460,376.00"
8/06/2016,47.104,"29,859,976.00"
7/06/2016,46.468,"31,067,864.00"
6/06/2016,44.136,"11,247,540.00"
3/06/2016,43.798,"11,144,850.00"
2/06/2016,43.792,"10,164,160.00"
1/06/2016,43.912,"14,913,475.00"
31/05/2016,44.646,"13,945,010.00"
27/05/2016,44.608,"18,251,360.00"
26/05/2016,45.024,"20,362,120.00"
25/05/2016,43.916,"15,663,075.00"
24/05/2016,43.582,"15,069,215.00"
23/05/2016,43.244,"25,512,396.00"
20/05/2016,44.056,"45,035,380.00"
19/05/2016,43.042,"34,331,604.00"
18/05/2016,42.234,"28,087,596.00"
17/05/2016,40.932,"14,217,985.00"
16/05/2016,41.658,"14,746,980.00"
13/05/2016,41.522,"14,113,905.00"
12/05/2016,41.456,"18,252,376.00"
11/05/2016,41.792,"25,809,320.00"
10/05/2016,41.738,"20,353,084.00"
9/05/2016,41.784,"23,881,916.00"
6/05/2016,42.986,"28,426,184.00"
5/05/2016,42.306,"56,274,136.00"
4/05/2016,44.512,"43,502,296.00"
3/05/2016,46.464,"21,511,110.00"
2/05/2016,48.36,"19,219,676.00"
29/04/2016,48.152,"27,068,936.00"
28/04/2016,49.542,"12,594,950.00"
27/04/2016,50.294,"16,029,040.00"
26/04/2016,50.748,"16,119,195.00"
25/04/2016,50.364,"18,351,740.00"
22/04/2016,50.75,"18,931,636.00"
21/04/2016,49.658,"13,915,295.00"
20/04/2016,49.994,"25,970,256.00"
19/04/2016,49.474,"31,787,630.00"
18/04/2016,50.776,"21,356,810.00"
15/04/2016,50.902,"18,761,830.00"
14/04/2016,50.372,"20,660,924.00"
13/04/2016,50.906,"24,627,976.00"
12/04/2016,49.564,"28,816,040.00"
11/04/2016,49.984,"45,808,464.00"
8/04/2016,50.014,"36,819,676.00"
7/04/2016,51.44,"44,280,856.00"
6/04/2016,53.084,"58,527,396.00"
5/04/2016,51.094,"49,743,496.00"
4/04/2016,49.398,"67,376,632.00"
1/04/2016,47.518,"79,987,544.00"
31/03/2016,45.954,"40,064,360.00"
30/03/2016,45.378,"20,164,910.00"
29/03/2016,46.026,"20,071,650.00"
28/03/2016,46.052,"19,628,424.00"
24/03/2016,45.55,"24,804,500.00"
23/03/2016,44.516,"24,744,204.00"
22/03/2016,46.848,"21,579,940.00"
21/03/2016,47.664,"26,539,110.00"
18/03/2016,46.548,"23,558,964.00"
17/03/2016,45.276,"18,914,456.00"
16/03/2016,44.386,"17,583,516.00"
15/03/2016,43.668,"15,902,260.00"
14/03/2016,43.03,"20,328,530.00"
11/03/2016,41.5,"16,715,385.00"
10/03/2016,41.036,"25,962,616.00"
9/03/2016,41.744,"16,042,770.00"
8/03/2016,40.52,"20,893,464.00"
7/03/2016,41.058,"26,685,360.00"
4/03/2016,40.208,"32,445,290.00"
3/03/2016,39.148,"24,145,090.00"
2/03/2016,37.668,"24,311,980.00"
1/03/2016,37.27,"33,560,796.00"
29/02/2016,38.386,"22,494,984.00"
26/02/2016,38.068,"30,325,584.00"
25/02/2016,37.486,"28,753,704.00"
24/02/2016,35.8,"26,978,044.00"
23/02/2016,35.442,"29,921,870.00"
22/02/2016,35.548,"25,300,256.00"
19/02/2016,33.316,"14,796,950.00"
18/02/2016,33.354,"19,437,870.00"
17/02/2016,33.736,"29,125,796.00"
16/02/2016,31.034,"27,968,970.00"
12/02/2016,30.208,"36,178,916.00"
11/02/2016,30.094,"71,261,824.00"
10/02/2016,28.734,"52,032,564.00"
9/02/2016,29.65,"43,258,240.00"
8/02/2016,29.598,"46,564,940.00"
5/02/2016,32.52,"47,187,956.00"
4/02/2016,35.066,"21,926,830.00"
3/02/2016,34.696,"39,656,808.00"
2/02/2016,36.556,"28,868,184.00"
1/02/2016,39.388,"26,488,196.00"
29/01/2016,38.24,"14,261,445.00"
28/01/2016,37.94,"22,963,770.00"
27/01/2016,37.614,"18,086,104.00"
26/01/2016,38.712,"24,820,900.00"
25/01/2016,39.276,"13,493,695.00"
22/01/2016,40.51,"15,620,275.00"
21/01/2016,39.994,"15,830,795.00"
20/01/2016,39.74,"29,193,040.00"
19/01/2016,40.944,"20,193,380.00"
15/01/2016,40.998,"27,893,200.00"
14/01/2016,41.236,"32,453,704.00"
13/01/2016,40.062,"20,632,080.00"
12/01/2016,41.994,"15,459,585.00"
11/01/2016,41.57,"20,457,110.00"
8/01/2016,42.2,"18,140,290.00"
7/01/2016,43.13,"17,771,256.00"
6/01/2016,43.808,"18,895,640.00"
5/01/2016,44.686,"15,933,760.00"
4/01/2016,44.682,"34,135,728.00"
31/12/2015,48.002,"13,575,190.00"
30/12/2015,47.618,"18,489,604.00"
29/12/2015,47.438,"12,031,450.00"
28/12/2015,45.79,"9,506,520.00"
24/12/2015,46.114,"3,551,385.00"
23/12/2015,45.94,"7,774,895.00"
22/12/2015,45.99,"9,807,475.00"
21/12/2015,46.512,"9,765,870.00"
18/12/2015,46.092,"15,070,850.00"
17/12/2015,46.678,"16,493,190.00"
16/12/2015,46.902,"25,521,704.00"
15/12/2015,44.218,"11,222,120.00"
14/12/2015,43.716,"14,157,590.00"
11/12/2015,43.404,"16,343,630.00"
10/12/2015,45.414,"10,358,460.00"
9/12/2015,44.904,"15,288,765.00"
8/12/2015,45.344,"13,438,180.00"
7/12/2015,46.226,"15,721,115.00"
4/12/2015,46.076,"12,868,015.00"
3/12/2015,46.542,"14,697,820.00"
2/12/2015,46.398,"14,907,340.00"
1/12/2015,47.438,"18,669,776.00"
30/11/2015,46.052,"13,299,065.00"
27/11/2015,46.322,"9,746,765.00"
25/11/2015,45.928,"19,953,896.00"
24/11/2015,43.65,"12,401,465.00"
23/11/2015,43.55,"12,630,995.00"
20/11/2015,44.002,"22,003,610.00"
19/11/2015,44.36,"12,521,875.00"
18/11/2015,44.214,"14,059,500.00"
17/11/2015,42.8,"10,743,395.00"
16/11/2015,42.862,"14,626,975.00"
13/11/2015,41.438,"17,151,636.00"
12/11/2015,42.588,"14,579,500.00"
11/11/2015,43.816,"16,739,030.00"
10/11/2015,43.3,"23,085,036.00"
9/11/2015,45.066,"19,254,300.00"
6/11/2015,46.472,"12,226,465.00"
5/11/2015,46.354,"22,484,216.00"
4/11/2015,46.326,"63,631,832.00"
3/11/2015,41.67,"41,662,432.00"
2/11/2015,42.758,"19,639,720.00"
30/10/2015,41.386,"22,194,504.00"
29/10/2015,42.326,"9,025,160.00"
28/10/2015,42.592,"13,642,965.00"
27/10/2015,42.07,"17,597,244.00"
26/10/2015,43.052,"16,957,190.00"
23/10/2015,41.818,"21,177,310.00"
22/10/2015,42.344,"14,125,795.00"
21/10/2015,42.018,"20,917,356.00"
20/10/2015,42.606,"74,500,232.00"
19/10/2015,45.62,"12,539,475.00"
16/10/2015,45.402,"21,672,464.00"
15/10/2015,44.262,"14,221,165.00"
14/10/2015,43.376,"15,522,230.00"
13/10/2015,43.85,"25,857,676.00"
12/10/2015,43.116,"19,181,516.00"
9/10/2015,44.138,"30,791,850.00"
8/10/2015,45.344,"30,666,080.00"
7/10/2015,46.392,"34,069,796.00"
6/10/2015,48.292,"26,179,484.00"
5/10/2015,49.23,"18,449,324.00"
2/10/2015,49.514,"22,119,910.00"
1/10/2015,47.976,"22,864,820.00"
30/09/2015,49.68,"24,647,910.00"
29/09/2015,49.33,"18,515,770.00"
28/09/2015,49.686,"24,505,284.00"
25/09/2015,51.382,"18,866,960.00"
24/09/2015,52.624,"17,240,956.00"
23/09/2015,52.212,"13,003,890.00"
22/09/2015,52.188,"18,321,764.00"
21/09/2015,52.84,"30,600,776.00"
18/09/2015,52.124,"18,815,320.00"
17/09/2015,52.414,"17,929,060.00"
16/09/2015,52.45,"22,085,404.00"
15/09/2015,50.714,"14,667,330.00"
14/09/2015,50.638,"14,454,255.00"
11/09/2015,50.048,"11,754,220.00"
10/09/2015,49.696,"13,545,120.00"
9/09/2015,49.782,"16,953,940.00"
8/09/2015,49.634,"15,691,155.00"
4/09/2015,48.386,"18,445,764.00"
3/09/2015,49.114,"20,973,860.00"
2/09/2015,49.538,"23,145,870.00"
1/09/2015,47.726,"27,273,824.00"
31/08/2015,49.812,"23,501,160.00"
28/08/2015,49.696,"27,568,364.00"
27/08/2015,48.598,"38,279,796.00"
26/08/2015,44.968,"24,815,210.00"
25/08/2015,44.006,"21,636,470.00"
24/08/2015,43.774,"47,907,924.00"
21/08/2015,46.154,"32,951,170.00"
20/08/2015,48.436,"24,528,784.00"
19/08/2015,51.05,"18,021,410.00"
18/08/2015,52.144,"20,975,176.00"
17/08/2015,50.998,"35,883,448.00"
14/08/2015,48.63,"21,824,050.00"
13/08/2015,48.502,"23,445,910.00"
12/08/2015,47.634,"18,695,784.00"
11/08/2015,47.474,"21,324,696.00"
10/08/2015,48.228,"20,929,300.00"
7/08/2015,48.502,"25,366,950.00"
6/08/2015,49.226,"73,118,768.00"
5/08/2015,54.026,"31,071,596.00"
4/08/2015,53.256,"11,762,650.00"
3/08/2015,51.998,"12,767,370.00"
31/07/2015,53.23,"11,112,760.00"
30/07/2015,53.358,"10,172,800.00"
29/07/2015,52.764,"13,950,475.00"
28/07/2015,52.964,"19,479,040.00"
27/07/2015,50.602,"23,470,960.00"
24/07/2015,53.082,"14,182,490.00"
23/07/2015,53.44,"11,136,195.00"
22/07/2015,53.574,"15,524,800.00"
21/07/2015,53.354,"30,543,430.00"
20/07/2015,56.452,"24,892,270.00"
17/07/2015,54.932,"25,020,496.00"
16/07/2015,53.336,"8,079,805.00"
15/07/2015,52.628,"10,108,105.00"
14/07/2015,53.13,"9,538,205.00"
13/07/2015,52.432,"14,801,595.00"
10/07/2015,51.83,"13,054,290.00"
9/07/2015,51.584,"16,670,385.00"
8/07/2015,50.992,"31,105,384.00"
7/07/2015,53.576,"30,525,630.00"
6/07/2015,55.944,"20,609,664.00"
2/07/2015,56.004,"35,819,648.00"
1/07/2015,53.83,"10,506,120.00"
30/06/2015,53.652,"15,434,675.00"
29/06/2015,52.404,"17,394,544.00"
26/06/2015,53.418,"19,192,170.00"
25/06/2015,53.758,"14,246,020.00"
24/06/2015,53.034,"12,061,465.00"
23/06/2015,53.534,"19,354,090.00"
22/06/2015,51.958,"22,805,396.00"
19/06/2015,52.502,"12,315,065.00"
18/06/2015,52.378,"13,913,515.00"
17/06/2015,52.082,"27,564,600.00"
16/06/2015,50.624,"9,923,390.00"
15/06/2015,50.076,"10,930,875.00"
12/06/2015,50.138,"7,111,675.00"
11/06/2015,50.282,"10,220,290.00"
10/06/2015,50.14,"17,272,264.00"
9/06/2015,51.2,"13,055,730.00"
8/06/2015,51.258,"25,084,984.00"
5/06/2015,49.828,"15,110,130.00"
4/06/2015,49.184,"12,268,075.00"
3/06/2015,49.798,"8,907,525.00"
2/06/2015,49.67,"10,674,045.00"
1/06/2015,49.89,"12,525,285.00"
29/05/2015,50.16,"18,946,416.00"
28/05/2015,50.29,"18,236,416.00"
27/05/2015,49.486,"17,041,000.00"
26/05/2015,49.491,"17,493,410.00"
22/05/2015,49.546,"11,115,445.00"
21/05/2015,49.124,"9,853,215.00"
20/05/2015,48.87,"18,777,844.00"
19/05/2015,49.428,"18,371,156.00"
18/05/2015,49.75,"16,766,060.00"
15/05/2015,49.768,"22,637,816.00"
14/05/2015,48.82,"14,479,680.00"
13/05/2015,48.636,"27,200,824.00"
12/05/2015,48.948,"31,817,144.00"
11/05/2015,47.898,"28,361,310.00"
8/05/2015,47.322,"23,341,180.00"
7/05/2015,47.36,"47,279,544.00"
6/05/2015,46.086,"26,354,664.00"
5/05/2015,46.59,"28,984,364.00"
4/05/2015,46.102,"22,172,980.00"
1/05/2015,45.206,"26,408,444.00"
30/04/2015,45.21,"19,559,284.00"
29/04/2015,46.49,"19,680,384.00"
28/04/2015,46.096,"30,426,896.00"
27/04/2015,46.31,"58,363,136.00"
24/04/2015,43.685,"12,139,215.00"
23/04/2015,43.72,"22,055,920.00"
22/04/2015,43.888,"39,315,184.00"
21/04/2015,41.882,"17,162,704.00"
20/04/2015,41.054,"12,796,255.00"
17/04/2015,41.358,"12,349,630.00"
16/04/2015,41.34,"8,295,295.00"
15/04/2015,41.566,"9,761,890.00"
14/04/2015,41.492,"15,129,815.00"
13/04/2015,41.956,"18,791,150.00"
10/04/2015,42.18,"20,338,380.00"
9/04/2015,42.018,"19,001,124.00"
8/04/2015,41.534,"31,515,584.00"
7/04/2015,40.65,"21,739,320.00"
6/04/2015,40.62,"62,279,056.00"
2/04/2015,38.2,"25,051,840.00"
1/04/2015,37.518,"18,973,104.00"
31/03/2015,37.754,"25,132,844.00"
30/03/2015,38.114,"50,447,580.00"
27/03/2015,37,"43,024,736.00"
26/03/2015,38.081,"20,639,780.00"
25/03/2015,38.86,"28,651,944.00"
24/03/2015,40.344,"18,249,300.00"
23/03/2015,39.926,"13,158,130.00"
20/03/2015,39.616,"21,347,336.00"
19/03/2015,39.13,"42,376,220.00"
18/03/2015,40.142,"24,104,680.00"
17/03/2015,38.946,"24,470,260.00"
16/03/2015,39.14,"28,143,916.00"
13/03/2015,37.736,"27,171,490.00"
12/03/2015,38.214,"20,746,470.00"
11/03/2015,38.748,"24,874,356.00"
10/03/2015,38.064,"27,898,456.00"
9/03/2015,38.176,"33,683,620.00"
6/03/2015,38.776,"33,562,192.00"
5/03/2015,40.126,"24,385,076.00"
4/03/2015,40.487,"21,109,810.00"
3/03/2015,39.912,"22,161,644.00"
2/03/2015,39.465,"39,610,324.00"
27/02/2015,40.668,"19,410,420.00"
26/02/2015,41.438,"32,364,276.00"
25/02/2015,40.752,"19,547,600.00"
24/02/2015,40.822,"33,017,800.00"
23/02/2015,41.467,"42,498,876.00"
20/02/2015,43.422,"29,910,444.00"
19/02/2015,42.341,"25,770,740.00"
18/02/2015,40.892,"13,567,990.00"
17/02/2015,40.87,"19,898,236.00"
13/02/2015,40.754,"30,955,016.00"
12/02/2015,40.576,"78,248,032.00"
11/02/2015,42.56,"48,845,512.00"
10/02/2015,43.258,"26,952,710.00"
9/02/2015,43.496,"17,362,116.00"
6/02/2015,43.472,"16,219,655.00"
5/02/2015,44.198,"17,614,736.00"
4/02/2015,43.71,"16,526,885.00"
3/02/2015,43.672,"24,131,220.00"
2/02/2015,42.188,"20,745,930.00"
30/01/2015,40.72,"15,034,795.00"
29/01/2015,41.04,"17,740,530.00"
28/01/2015,39.874,"15,748,030.00"
27/01/2015,41.196,"13,905,120.00"
26/01/2015,41.31,"16,172,610.00"
23/01/2015,40.258,"17,211,856.00"
22/01/2015,40.324,"20,584,524.00"
21/01/2015,39.314,"20,765,216.00"
20/01/2015,38.386,"22,515,910.00"
16/01/2015,38.614,"18,015,790.00"
15/01/2015,38.374,"26,082,620.00"
14/01/2015,38.538,"57,759,276.00"
13/01/2015,40.85,"22,386,600.00"
12/01/2015,40.442,"29,751,400.00"
9/01/2015,41.332,"23,341,476.00"
8/01/2015,42.123,"17,212,544.00"
7/01/2015,42.19,"14,841,950.00"
6/01/2015,42.256,"31,309,680.00"
5/01/2015,42.018,"26,842,384.00"
2/01/2015,43.862,"23,822,216.00"
31/12/2014,44.482,"12,010,485.00"
30/12/2014,44.446,"14,516,210.00"
29/12/2014,45.142,"14,059,140.00"
26/12/2014,45.564,"16,635,080.00"
24/12/2014,44.452,"6,667,590.00"
23/12/2014,44.194,"22,566,604.00"
22/12/2014,44.52,"24,034,584.00"
19/12/2014,43.858,"34,552,304.00"
18/12/2014,43.652,"37,416,744.00"
17/12/2014,41.164,"36,839,168.00"
16/12/2014,39.562,"42,130,524.00"
15/12/2014,40.808,"26,091,260.00"
12/12/2014,41.4,"35,868,912.00"
11/12/2014,41.776,"33,471,990.00"
10/12/2014,41.968,"36,570,696.00"
9/12/2014,43.378,"47,157,512.00"
8/12/2014,42.872,"46,128,096.00"
5/12/2014,44.742,"30,318,096.00"
4/12/2014,45.656,"19,396,040.00"
3/12/2014,45.86,"26,538,664.00"
2/12/2014,46.286,"29,435,230.00"
1/12/2014,46.328,"43,096,756.00"
28/11/2014,48.904,"10,598,440.00"
26/11/2014,49.688,"9,909,095.00"
25/11/2014,49.618,"15,799,020.00"
24/11/2014,49.344,"23,948,540.00"
21/11/2014,48.556,"37,425,296.00"
20/11/2014,49.742,"17,936,100.00"
19/11/2014,49.548,"39,592,432.00"
18/11/2014,51.54,"22,371,470.00"
17/11/2014,50.796,"20,128,476.00"
14/11/2014,51.736,"30,505,724.00"
13/11/2014,50.34,"31,180,180.00"
12/11/2014,49.82,"29,354,090.00"
11/11/2014,50.216,"39,762,824.00"
10/11/2014,48.386,"22,886,040.00"
7/11/2014,48.04,"25,805,116.00"
6/11/2014,48.244,"76,773,584.00"
5/11/2014,46.194,"45,229,624.00"
4/11/2014,47.786,"18,412,860.00"
3/11/2014,48.518,"21,036,340.00"
31/10/2014,48.34,"18,876,636.00"
30/10/2014,47.732,"16,141,855.00"
29/10/2014,47.62,"24,838,200.00"
28/10/2014,48.554,"52,581,484.00"
27/10/2014,44.334,"47,766,740.00"
24/10/2014,47.048,"17,334,636.00"
23/10/2014,47.058,"17,499,410.00"
22/10/2014,46.22,"20,616,984.00"
21/10/2014,47.068,"20,651,724.00"
20/10/2014,46.094,"17,498,430.00"
17/10/2014,45.496,"52,759,248.00"
16/10/2014,45.27,"27,022,824.00"
15/10/2014,45.94,"45,758,240.00"
14/10/2014,45.412,"35,561,696.00"
13/10/2014,44.918,"56,382,760.00"
10/10/2014,47.382,"64,491,376.00"
9/10/2014,51.402,"36,806,580.00"
8/10/2014,51.856,"25,313,076.00"
7/10/2014,51.914,"22,457,844.00"
6/10/2014,52.124,"38,595,276.00"
3/10/2014,51.042,"27,043,324.00"
2/10/2014,50.284,"45,010,004.00"
1/10/2014,48.048,"29,732,550.00"
30/09/2014,48.536,"21,240,636.00"
29/09/2014,49.052,"24,273,436.00"
26/09/2014,49.32,"18,994,204.00"
25/09/2014,49.39,"24,218,560.00"
24/09/2014,50.428,"18,771,880.00"
23/09/2014,50.082,"28,300,240.00"
22/09/2014,50.006,"41,114,816.00"
19/09/2014,51.864,"34,058,568.00"
18/09/2014,52.764,"18,496,570.00"
17/09/2014,52.276,"25,899,616.00"
16/09/2014,52.148,"41,519,860.00"
15/09/2014,50.772,"82,324,760.00"
12/09/2014,55.84,"16,641,510.00"
11/09/2014,56.062,"18,842,920.00"
10/09/2014,56.22,"18,929,940.00"
9/09/2014,55.696,"22,839,790.00"
8/09/2014,56.422,"27,525,200.00"
5/09/2014,55.478,"55,880,836.00"
4/09/2014,57.208,"41,708,744.00"
3/09/2014,56.238,"33,898,676.00"
2/09/2014,56.824,"49,261,756.00"
29/08/2014,53.94,"32,269,790.00"
28/08/2014,52.772,"14,273,685.00"
27/08/2014,52.65,"14,952,660.00"
26/08/2014,52.348,"19,112,860.00"
25/08/2014,52.51,"21,590,264.00"
22/08/2014,51.356,"14,184,795.00"
21/08/2014,50.868,"14,596,205.00"
20/08/2014,51.142,"15,139,315.00"
19/08/2014,51.352,"26,700,680.00"
18/08/2014,51.988,"29,246,156.00"
15/08/2014,52.402,"19,339,370.00"
14/08/2014,52.276,"20,633,170.00"
13/08/2014,52.062,"34,663,140.00"
12/08/2014,51.992,"31,952,060.00"
11/08/2014,51.864,"40,506,380.00"
8/08/2014,49.626,"25,495,304.00"
7/08/2014,50.478,"37,394,632.00"
6/08/2014,49.786,"46,246,324.00"
5/08/2014,47.698,"26,942,904.00"
4/08/2014,47.704,"29,837,030.00"
1/08/2014,46.654,"59,490,664.00"
31/07/2014,44.66,"38,745,288.00"
30/07/2014,45.784,"24,639,116.00"
29/07/2014,45.002,"16,935,936.00"
28/07/2014,44.964,"32,588,056.00"
25/07/2014,44.714,"15,451,915.00"
24/07/2014,44.708,"16,242,050.00"
23/07/2014,44.498,"15,443,655.00"
22/07/2014,43.916,"13,662,425.00"
21/07/2014,44.108,"19,126,256.00"
18/07/2014,44.004,"21,303,090.00"
17/07/2014,43.08,"23,254,780.00"
16/07/2014,43.432,"20,255,484.00"
15/07/2014,43.916,"28,660,156.00"
14/07/2014,45.34,"36,042,864.00"
11/07/2014,43.626,"16,535,565.00"
10/07/2014,43.892,"24,326,230.00"
9/07/2014,44.612,"20,588,644.00"
8/07/2014,43.814,"39,230,824.00"
7/07/2014,44.532,"29,505,400.00"
3/07/2014,45.85,"25,833,580.00"
2/07/2014,45.885,"40,175,360.00"
1/07/2014,47.944,"21,706,210.00"
30/06/2014,48.012,"24,168,010.00"
27/06/2014,47.812,"28,193,936.00"
26/06/2014,47.12,"25,614,860.00"
25/06/2014,47.378,"29,016,284.00"
24/06/2014,46.5,"40,405,544.00"
23/06/2014,47.444,"39,000,944.00"
20/06/2014,45.918,"24,540,384.00"
19/06/2014,45.558,"44,009,536.00"
18/06/2014,45.424,"34,735,264.00"
17/06/2014,46.334,"66,524,536.00"
16/06/2014,44.922,"66,231,760.00"
13/06/2014,41.284,"17,733,944.00"
12/06/2014,40.704,"29,985,720.00"
11/06/2014,40.894,"19,902,456.00"
10/06/2014,40.46,"17,611,680.00"
9/06/2014,41.062,"14,065,330.00"
6/06/2014,41.634,"15,374,500.00"
5/06/2014,41.38,"20,296,424.00"
4/06/2014,40.798,"17,172,510.00"
3/06/2014,40.988,"19,330,910.00"
2/06/2014,40.94,"23,340,576.00"
30/05/2014,41.554,"27,930,340.00"
29/05/2014,42.048,"18,472,980.00"
28/05/2014,42.048,"27,481,390.00"
27/05/2014,42.312,"26,733,940.00"
23/05/2014,41.46,"20,054,656.00"
22/05/2014,40.976,"31,081,276.00"
21/05/2014,39.89,"26,453,776.00"
20/05/2014,39.06,"27,769,384.00"
19/05/2014,39.218,"22,858,300.00"
16/05/2014,38.312,"22,446,560.00"
15/05/2014,37.718,"30,230,696.00"
14/05/2014,38.124,"27,074,724.00"
13/05/2014,38.032,"35,486,208.00"
12/05/2014,36.934,"35,021,648.00"
9/05/2014,36.452,"42,475,796.00"
8/05/2014,35.718,"100,282,952.00"
7/05/2014,40.27,"50,896,456.00"
6/05/2014,41.456,"28,183,624.00"
5/05/2014,43.322,"25,761,716.00"
2/05/2014,42.182,"20,456,970.00"
1/05/2014,41.546,"27,223,350.00"
30/04/2014,41.578,"22,217,264.00"
29/04/2014,41.384,"28,936,844.00"
28/04/2014,39.702,"35,209,916.00"
25/04/2014,39.97,"34,983,288.00"
24/04/2014,41.572,"27,523,840.00"
23/04/2014,41.598,"36,478,044.00"
22/04/2014,43.728,"49,046,664.00"
21/04/2014,40.876,"26,332,450.00"
17/04/2014,39.624,"29,647,530.00"
16/04/2014,39.822,"36,026,596.00"
15/04/2014,38.782,"68,335,352.00"
14/04/2014,39.618,"38,515,156.00"
11/04/2014,40.756,"45,356,500.00"
10/04/2014,40.838,"36,057,460.00"
9/04/2014,43.386,"25,789,616.00"
8/04/2014,43.092,"34,446,480.00"
7/04/2014,41.504,"49,277,392.00"
4/04/2014,42.445,"56,728,088.00"
3/04/2014,45.08,"54,618,672.00"
2/04/2014,46.058,"53,911,256.00"
1/04/2014,43.394,"36,857,112.00"
31/03/2014,41.69,"41,900,116.00"
28/03/2014,42.474,"48,423,804.00"
27/03/2014,41.464,"47,526,536.00"
26/03/2014,42.592,"34,536,528.00"
25/03/2014,44.088,"39,326,876.00"
24/03/2014,44.034,"56,664,736.00"
21/03/2014,45.778,"41,136,556.00"
20/03/2014,46.982,"19,089,524.00"
19/03/2014,47.168,"25,356,636.00"
18/03/2014,48.008,"31,211,744.00"
17/03/2014,46.796,"29,562,960.00"
14/03/2014,46.194,"41,448,664.00"
13/03/2014,47.558,"31,181,624.00"
12/03/2014,48.298,"48,819,556.00"
11/03/2014,46.882,"44,181,744.00"
10/03/2014,47.768,"38,728,756.00"
7/03/2014,49.242,"39,092,324.00"
6/03/2014,50.588,"36,873,596.00"
5/03/2014,50.532,"29,733,680.00"
4/03/2014,50.968,"43,826,960.00"
3/03/2014,50.112,"65,546,516.00"
28/02/2014,48.962,"73,063,464.00"
27/02/2014,50.508,"89,853,536.00"
26/02/2014,50.6,"123,855,968.00"
25/02/2014,49.6,"163,984,992.00"
24/02/2014,43.53,"41,515,664.00"
21/02/2014,41.92,"39,144,904.00"
20/02/2014,41.994,"90,111,312.00"
19/02/2014,38.728,"82,099,496.00"
18/02/2014,40.74,"46,779,356.00"
14/02/2014,39.646,"30,867,310.00"
13/02/2014,39.926,"40,870,244.00"
12/02/2014,39.064,"25,906,564.00"
11/02/2014,39.324,"53,672,360.00"
10/02/2014,39.312,"64,946,432.00"
7/02/2014,37.306,"44,820,272.00"
6/02/2014,35.676,"29,239,764.00"
5/02/2014,34.884,"36,379,760.00"
4/02/2014,35.746,"23,454,416.00"
3/02/2014,35.422,"33,893,044.00"
31/01/2014,36.282,"32,564,756.00"
30/01/2014,36.568,"42,876,048.00"
29/01/2014,35.046,"29,784,084.00"
28/01/2014,35.676,"30,641,184.00"
27/01/2014,33.924,"43,688,864.00"
24/01/2014,34.92,"38,556,480.00"
23/01/2014,36.3,"39,497,576.00"
22/01/2014,35.712,"35,183,792.00"
21/01/2014,35.336,"48,728,824.00"
17/01/2014,34.002,"46,080,140.00"
16/01/2014,34.194,"59,910,496.00"
15/01/2014,32.826,"102,444,904.00"
14/01/2014,32.254,"139,679,136.00"
13/01/2014,27.868,"31,623,236.00"
10/01/2014,29.144,"37,252,656.00"
9/01/2014,29.506,"26,944,524.00"
8/01/2014,30.256,"30,833,370.00"
7/01/2014,29.872,"25,209,030.00"
6/01/2014,29.4,"26,836,600.00"
3/01/2014,29.912,"23,494,196.00"
2/01/2014,30.02,"30,976,776.00"
31/12/2013,30.086,"21,333,550.00"
30/12/2013,30.488,"22,360,380.00"
27/12/2013,30.224,"27,345,320.00"
26/12/2013,31.1,"35,647,632.00"
24/12/2013,30.282,"49,707,424.00"
23/12/2013,28.71,"26,927,530.00"
20/12/2013,28.648,"37,112,684.00"
19/12/2013,28.144,"63,793,064.00"
18/12/2013,29.596,"57,909,484.00"
17/12/2013,30.492,"52,474,844.00"
16/12/2013,29.588,"33,376,380.00"
13/12/2013,29.531,"52,998,876.00"
12/12/2013,29.494,"53,838,956.00"
11/12/2013,27.93,"35,689,208.00"
10/12/2013,28.438,"53,741,168.00"
9/12/2013,28.32,"45,307,424.00"
6/12/2013,27.472,"39,547,980.00"
5/12/2013,28.096,"46,442,076.00"
4/12/2013,27.79,"65,738,440.00"
3/12/2013,28.94,"128,412,016.00"
2/12/2013,24.834,"38,756,056.00"
29/11/2013,25.456,"48,581,096.00"
27/11/2013,25.388,"61,838,168.00"
26/11/2013,24.1,"69,427,608.00"
25/11/2013,24.168,"51,289,448.00"
22/11/2013,24.276,"55,520,728.00"
21/11/2013,24.42,"59,519,016.00"
20/11/2013,24.222,"69,247,768.00"
19/11/2013,25.218,"99,080,768.00"
18/11/2013,24.316,"115,691,208.00"
15/11/2013,27.09,"49,500,880.00"
14/11/2013,27.52,"61,018,500.00"
13/11/2013,27.74,"63,291,360.00"
12/11/2013,27.56,"74,925,808.00"
11/11/2013,28.94,"69,987,952.00"
8/11/2013,27.59,"112,389,304.00"
7/11/2013,27.954,"111,423,720.00"
6/11/2013,30.232,"155,358,624.00"
5/11/2013,35.362,"112,335,504.00"
4/11/2013,35.04,"65,601,872.00"
1/11/2013,32.434,"35,902,916.00"
31/10/2013,31.988,"46,702,276.00"
30/10/2013,31.844,"42,008,780.00"
29/10/2013,32.894,"70,558,688.00"
28/10/2013,32.572,"39,208,636.00"
25/10/2013,33.932,"37,977,288.00"
24/10/2013,34.63,"54,128,336.00"
23/10/2013,32.9,"66,638,696.00"
22/10/2013,34.308,"56,973,376.00"
21/10/2013,34.52,"57,660,656.00"
18/10/2013,36.68,"29,654,076.00"
17/10/2013,36.56,"33,524,840.00"
16/10/2013,36.712,"41,026,836.00"
15/10/2013,36.788,"54,892,680.00"
14/10/2013,35.944,"38,848,152.00"
11/10/2013,35.74,"41,555,432.00"
10/10/2013,34.586,"44,419,552.00"
9/10/2013,33.756,"76,582,408.00"
8/10/2013,34.946,"68,786,088.00"
7/10/2013,36.614,"57,427,896.00"
4/10/2013,36.196,"72,069,824.00"
3/10/2013,34.662,"119,082,520.00"
2/10/2013,36.19,"103,877,048.00"
1/10/2013,38.6,"38,807,144.00"
30/09/2013,38.674,"44,672,704.00"
27/09/2013,38.18,"29,619,404.00"
26/09/2013,37.728,"33,107,960.00"
25/09/2013,37.048,"41,263,104.00"
24/09/2013,36.466,"31,412,156.00"
23/09/2013,36.222,"40,959,204.00"
20/09/2013,36.678,"67,008,444.00"
19/09/2013,35.584,"77,972,840.00"
18/09/2013,33.244,"27,198,076.00"
17/09/2013,33.246,"27,503,596.00"
16/09/2013,33.316,"37,962,992.00"
13/09/2013,33.108,"27,049,440.00"
12/09/2013,32.986,"30,799,964.00"
11/09/2013,32.704,"29,162,380.00"
10/09/2013,33.274,"44,838,928.00"
9/09/2013,32.14,"71,722,368.00"
6/09/2013,33.394,"43,098,152.00"
5/09/2013,33.986,"33,466,010.00"
4/09/2013,34.124,"57,378,236.00"
3/09/2013,33.788,"60,305,500.00"
30/08/2013,33.8,"55,141,792.00"
29/08/2013,33.212,"47,228,600.00"
28/08/2013,33.29,"73,700,032.00"
27/08/2013,33.402,"87,834,080.00"
26/08/2013,32.844,"120,855,480.00"
23/08/2013,32.368,"64,659,208.00"
22/08/2013,31.42,"52,961,956.00"
21/08/2013,29.572,"31,331,310.00"
20/08/2013,29.916,"32,090,540.00"
19/08/2013,28.98,"40,188,200.00"
16/08/2013,28.4,"35,540,432.00"
15/08/2013,27.934,"50,944,384.00"
14/08/2013,27.872,"58,468,716.00"
13/08/2013,29.086,"43,744,316.00"
12/08/2013,29.476,"74,560,872.00"
9/08/2013,30.6,"44,680,144.00"
8/08/2013,30.696,"136,233,808.00"
7/08/2013,26.846,"91,060,688.00"
6/08/2013,28.43,"46,305,460.00"
5/08/2013,28.936,"51,003,144.00"
2/08/2013,27.6,"31,349,190.00"
1/08/2013,27.11,"26,617,996.00"
31/07/2013,26.856,"31,758,184.00"
30/07/2013,26.348,"65,651,336.00"
29/07/2013,26.924,"48,430,360.00"
26/07/2013,25.878,"48,203,516.00"
25/07/2013,24.814,"26,435,720.00"
24/07/2013,24.34,"34,356,860.00"
23/07/2013,24.548,"38,702,344.00"
22/07/2013,24.486,"49,024,048.00"
19/07/2013,23.936,"29,457,196.00"
18/07/2013,23.806,"57,036,792.00"
17/07/2013,24.05,"130,144,736.00"
16/07/2013,21.81,"161,859,344.00"
15/07/2013,25.452,"49,621,680.00"
12/07/2013,25.98,"56,745,928.00"
11/07/2013,25.122,"37,434,792.00"
10/07/2013,24.454,"28,000,060.00"
9/07/2013,24.69,"43,016,036.00"
8/07/2013,24.322,"39,104,080.00"
5/07/2013,24.018,"34,137,484.00"
3/07/2013,23.048,"24,033,310.00"
2/07/2013,23.564,"60,351,576.00"
1/07/2013,23.436,"54,518,004.00"
28/06/2013,21.472,"28,752,156.00"
27/06/2013,21.85,"43,754,128.00"
26/06/2013,21.144,"33,050,796.00"
25/06/2013,20.48,"29,254,160.00"
24/06/2013,20.298,"35,635,100.00"
21/06/2013,19.91,"58,592,636.00"
20/06/2013,20.13,"50,556,104.00"
19/06/2013,20.936,"42,943,672.00"
18/06/2013,20.678,"44,017,816.00"
17/06/2013,20.44,"35,378,200.00"
14/06/2013,20.06,"32,837,104.00"
13/06/2013,19.636,"29,825,620.00"
12/06/2013,19.546,"45,987,616.00"
11/06/2013,18.894,"36,980,200.00"
10/06/2013,20.01,"46,171,076.00"
7/06/2013,20.408,"53,586,084.00"
6/06/2013,19.47,"47,572,032.00"
5/06/2013,19.074,"61,123,656.00"
4/06/2013,18.968,"44,280,224.00"
3/06/2013,18.518,"95,717,376.00"
31/05/2013,19.552,"75,859,648.00"
30/05/2013,20.99,"80,702,768.00"
29/05/2013,20.926,"125,497,400.00"
28/05/2013,22.067,"98,459,120.00"
24/05/2013,19.416,"80,620,968.00"
23/05/2013,18.546,"60,221,284.00"
22/05/2013,17.448,"42,868,880.00"
21/05/2013,17.518,"45,008,816.00"
20/05/2013,17.988,"41,741,656.00"
17/05/2013,18.3,"95,042,248.00"
16/05/2013,18.45,"108,070,008.00"
15/05/2013,16.968,"84,393,504.00"
14/05/2013,16.648,"185,819,488.00"
13/05/2013,17.56,"112,084,072.00"
10/05/2013,15.353,"125,432,152.00"
9/05/2013,13.88,"143,024,848.00"
8/05/2013,11.157,"33,849,296.00"
7/05/2013,11.102,"49,972,744.00"
6/05/2013,11.9,"21,863,996.00"
3/05/2013,10.91,"16,897,016.00"
2/05/2013,10.822,"15,261,665.00"
1/05/2013,10.656,"13,713,890.00"
30/04/2013,10.798,"27,619,740.00"
29/04/2013,10.988,"18,211,030.00"
26/04/2013,10.24,"18,112,150.00"
25/04/2013,10.4,"13,981,035.00"
24/04/2013,10.086,"13,150,540.00"
23/04/2013,10.202,"18,687,750.00"
22/04/2013,10.038,"19,696,636.00"
19/04/2013,9.566,"15,060,680.00"
18/04/2013,9.394,"16,843,500.00"
17/04/2013,9.09,"10,592,140.00"
16/04/2013,9.118,"15,902,190.00"
15/04/2013,8.66,"8,429,920.00"
12/04/2013,8.75,"15,746,860.00"
11/04/2013,8.718,"17,240,404.00"
10/04/2013,8.372,"10,605,440.00"
9/04/2013,8.1,"8,480,180.00"
8/04/2013,8.366,"8,395,005.00"
5/04/2013,8.274,"7,761,945.00"
4/04/2013,8.402,"11,324,335.00"
3/04/2013,8.22,"28,224,976.00"
2/04/2013,8.868,"33,261,870.00"
1/04/2013,8.786,"70,529,368.00"
28/03/2013,7.578,"5,793,260.00"
27/03/2013,7.632,"6,481,415.00"
26/03/2013,7.572,"9,040,685.00"
25/03/2013,7.506,"11,896,770.00"
22/03/2013,7.324,"2,231,175.00"
21/03/2013,7.202,"5,731,435.00"
20/03/2013,7.19,"7,118,420.00"
19/03/2013,7.016,"5,492,375.00"
18/03/2013,7.03,"6,581,680.00"
15/03/2013,7.058,"16,398,885.00"
14/03/2013,7.37,"10,122,295.00"
13/03/2013,7.796,"4,109,930.00"
12/03/2013,7.824,"6,375,310.00"
11/03/2013,7.82,"7,897,200.00"
8/03/2013,7.694,"4,560,260.00"
7/03/2013,7.646,"5,791,770.00"
6/03/2013,7.538,"5,749,625.00"
5/03/2013,7.33,"10,434,845.00"
4/03/2013,7.116,"8,788,300.00"
1/03/2013,6.93,"7,733,000.00"
28/02/2013,6.966,"9,824,465.00"
27/02/2013,7.02,"9,795,645.00"
26/02/2013,6.886,"13,815,250.00"
25/02/2013,6.876,"14,453,860.00"
22/02/2013,7.222,"12,739,155.00"
21/02/2013,7.032,"45,191,060.00"
20/02/2013,7.708,"15,609,550.00"
19/02/2013,7.856,"13,506,700.00"
15/02/2013,7.408,"10,091,345.00"
14/02/2013,7.66,"4,953,200.00"
13/02/2013,7.69,"4,835,510.00"
12/02/2013,7.578,"11,306,230.00"
11/02/2013,7.684,"16,331,240.00"
8/02/2013,7.848,"5,698,665.00"
7/02/2013,7.896,"5,987,605.00"
6/02/2013,7.834,"9,465,740.00"
5/02/2013,7.626,"6,550,960.00"
4/02/2013,7.548,"5,639,945.00"
1/02/2013,7.66,"5,502,950.00"
31/01/2013,7.502,"4,506,590.00"
30/01/2013,7.504,"4,840,490.00"
29/01/2013,7.59,"7,132,515.00"
28/01/2013,7.606,"9,929,960.00"
25/01/2013,7.396,"6,438,515.00"
24/01/2013,7.398,"9,851,945.00"
23/01/2013,7.2,"7,821,030.00"
22/01/2013,7.038,"9,600,655.00"
18/01/2013,6.904,"17,775,370.00"
17/01/2013,6.876,"7,183,020.00"
16/01/2013,6.82,"6,890,690.00"
15/01/2013,6.78,"8,121,945.00"
14/01/2013,6.652,"4,625,090.00"
11/01/2013,6.582,"7,816,370.00"
10/01/2013,6.706,"4,612,025.00"
9/01/2013,6.728,"3,489,895.00"
8/01/2013,6.736,"6,419,925.00"
7/01/2013,6.868,"2,209,545.00"
4/01/2013,6.88,"3,369,965.00"
3/01/2013,6.954,"3,709,705.00"
2/01/2013,7.072,"5,973,550.00"
31/12/2012,6.774,"2,974,230.00"
28/12/2012,6.644,"2,070,675.00"
27/12/2012,6.738,"2,805,425.00"
26/12/2012,6.718,"3,008,920.00"
24/12/2012,6.856,"1,878,980.00"
21/12/2012,6.8,"7,461,530.00"
20/12/2012,6.886,"4,605,970.00"
19/12/2012,6.922,"6,493,655.00"
18/12/2012,6.918,"7,772,180.00"
17/12/2012,6.88,"4,124,045.00"
14/12/2012,6.762,"5,114,715.00"
13/12/2012,6.722,"10,756,120.00"
12/12/2012,7.052,"10,319,385.00"
11/12/2012,7.056,"7,862,955.00"
10/12/2012,6.914,"4,648,755.00"
7/12/2012,6.834,"3,322,930.00"
6/12/2012,6.78,"3,301,985.00"
5/12/2012,6.742,"3,307,430.00"
4/12/2012,6.78,"6,321,055.00"
3/12/2012,6.924,"10,428,765.00"
30/11/2012,6.764,"7,101,420.00"
29/11/2012,6.738,"5,516,575.00"
28/11/2012,6.646,"7,626,495.00"
27/11/2012,6.43,"4,553,850.00"
26/11/2012,6.454,"2,481,095.00"
23/11/2012,6.426,"2,151,060.00"
21/11/2012,6.494,"4,815,665.00"
20/11/2012,6.6,"4,612,135.00"
19/11/2012,6.584,"6,962,740.00"
16/11/2012,6.368,"4,543,250.00"
15/11/2012,6.164,"4,919,705.00"
14/11/2012,6.276,"4,356,575.00"
13/11/2012,6.323,"4,991,315.00"
12/11/2012,6.214,"2,788,255.00"
9/11/2012,6.064,"4,315,140.00"
8/11/2012,6.262,"6,369,930.00"
7/11/2012,6.308,"8,577,085.00"
6/11/2012,6.23,"11,619,715.00"
5/11/2012,6.3,"10,245,590.00"
2/11/2012,5.784,"5,151,325.00"
1/11/2012,5.849,"5,120,270.00"
31/10/2012,5.626,"3,875,710.00"
26/10/2012,5.476,"2,386,525.00"
25/10/2012,5.504,"2,888,430.00"
24/10/2012,5.484,"5,081,840.00"
23/10/2012,5.678,"3,746,365.00"
22/10/2012,5.57,"2,350,990.00"
19/10/2012,5.548,"5,136,510.00"
18/10/2012,5.608,"3,704,735.00"
17/10/2012,5.764,"3,339,815.00"
16/10/2012,5.612,"2,396,240.00"
15/10/2012,5.466,"7,345,835.00"
12/10/2012,5.528,"4,937,675.00"
11/10/2012,5.664,"2,252,855.00"
10/10/2012,5.68,"2,525,315.00"
9/10/2012,5.674,"5,967,395.00"
8/10/2012,5.85,"4,450,030.00"
5/10/2012,5.778,"4,693,350.00"
4/10/2012,5.88,"7,706,035.00"
3/10/2012,5.86,"5,276,440.00"
2/10/2012,5.96,"3,644,845.00"
1/10/2012,5.832,"4,421,525.00"
28/09/2012,5.856,"21,716,690.00"
27/09/2012,5.698,"8,792,765.00"
26/09/2012,5.508,"7,636,600.00"
25/09/2012,5.532,"28,424,760.00"
24/09/2012,6.132,"6,510,020.00"
21/09/2012,6.004,"9,350,850.00"
20/09/2012,6.18,"4,561,860.00"
19/09/2012,6.21,"5,242,285.00"
18/09/2012,6.268,"8,942,400.00"
17/09/2012,6.508,"16,064,955.00"
14/09/2012,6.078,"7,683,345.00"
13/09/2012,5.896,"7,431,795.00"
12/09/2012,5.656,"5,726,670.00"
11/09/2012,5.56,"5,074,355.00"
10/09/2012,5.474,"7,420,075.00"
7/09/2012,5.87,"4,765,755.00"
6/09/2012,5.71,"4,208,215.00"
5/09/2012,5.588,"3,196,135.00"
4/09/2012,5.628,"3,762,480.00"
31/08/2012,5.704,"2,698,680.00"
30/08/2012,5.682,"3,281,535.00"
29/08/2012,5.682,"4,194,415.00"
28/08/2012,5.738,"7,013,280.00"
27/08/2012,5.664,"6,751,625.00"
24/08/2012,5.9,"7,150,055.00"
23/08/2012,6.146,"7,354,870.00"
22/08/2012,5.99,"3,877,450.00"
21/08/2012,5.822,"3,807,580.00"
20/08/2012,5.902,"5,895,040.00"
17/08/2012,6.002,"2,540,610.00"
16/08/2012,6.06,"3,344,865.00"
15/08/2012,5.88,"2,626,925.00"
14/08/2012,5.884,"3,966,680.00"
13/08/2012,6.234,"4,350,250.00"
10/08/2012,5.988,"3,536,950.00"
9/08/2012,5.882,"3,362,920.00"
8/08/2012,5.818,"6,544,475.00"
7/08/2012,6.05,"11,936,520.00"
6/08/2012,5.654,"7,640,845.00"
3/08/2012,5.454,"6,047,350.00"
2/08/2012,5.22,"6,525,080.00"
1/08/2012,5.25,"7,961,085.00"
31/07/2012,5.484,"7,875,300.00"
30/07/2012,5.47,"10,330,200.00"
27/07/2012,5.902,"8,364,840.00"
26/07/2012,5.626,"11,315,025.00"
25/07/2012,5.79,"14,220,325.00"
24/07/2012,5.968,"7,503,380.00"
23/07/2012,6.132,"6,933,715.00"
20/07/2012,6.358,"7,842,330.00"
19/07/2012,6.454,"7,179,390.00"
18/07/2012,6.43,"14,410,420.00"
17/07/2012,6.67,"12,847,315.00"
16/07/2012,7.192,"8,719,540.00"
13/07/2012,6.85,"6,524,560.00"
12/07/2012,6.54,"5,628,350.00"
11/07/2012,6.302,"3,192,580.00"
10/07/2012,6.254,"3,791,760.00"
9/07/2012,6.298,"4,552,045.00"
6/07/2012,6.198,"3,923,305.00"
5/07/2012,6.246,"6,269,330.00"
3/07/2012,6.132,"4,735,640.00"
2/07/2012,6.08,"6,577,670.00"
29/06/2012,6.258,"5,628,520.00"
28/06/2012,6.282,"4,570,200.00"
27/06/2012,6.392,"5,235,970.00"
26/06/2012,6.322,"13,069,245.00"
25/06/2012,6.622,"7,515,930.00"
22/06/2012,6.757,"15,237,260.00"
21/06/2012,6.438,"9,459,475.00"
20/06/2012,6.756,"17,111,710.00"
19/06/2012,6.418,"4,555,145.00"
18/06/2012,6.368,"6,283,980.00"
15/06/2012,5.982,"3,233,685.00"
14/06/2012,5.878,"4,360,805.00"
13/06/2012,5.954,"4,221,855.00"
12/06/2012,5.932,"2,844,970.00"
11/06/2012,5.824,"3,179,735.00"
8/06/2012,6.016,"4,406,045.00"
7/06/2012,5.786,"2,460,075.00"
6/06/2012,5.844,"4,552,540.00"
5/06/2012,5.582,"3,154,425.00"
4/06/2012,5.576,"5,154,170.00"
1/06/2012,5.63,"4,428,550.00"
31/05/2012,5.9,"5,593,505.00"
30/05/2012,6.082,"6,535,705.00"
29/05/2012,6.338,"8,249,585.00"
25/05/2012,5.962,"3,785,045.00"
24/05/2012,6.064,"5,377,600.00"
23/05/2012,6.204,"6,101,745.00"
22/05/2012,6.158,"11,830,850.00"
21/05/2012,5.754,"7,375,850.00"
18/05/2012,5.512,"8,082,435.00"
17/05/2012,5.714,"5,745,215.00"
16/05/2012,5.836,"6,285,965.00"
15/05/2012,5.886,"7,928,410.00"
14/05/2012,6.012,"6,904,210.00"
11/05/2012,6.45,"6,106,025.00"
10/05/2012,6.592,"27,781,504.00"
9/05/2012,6.012,"9,739,140.00"
8/05/2012,6.038,"15,485,900.00"
7/05/2012,6.494,"5,789,845.00"
4/05/2012,6.366,"6,237,430.00"
3/05/2012,6.492,"4,210,535.00"
2/05/2012,6.788,"2,486,255.00"
1/05/2012,6.756,"3,294,735.00"
30/04/2012,6.626,"2,069,740.00"
27/04/2012,6.668,"2,951,025.00"
26/04/2012,6.698,"2,138,095.00"
25/04/2012,6.582,"3,560,665.00"
24/04/2012,6.364,"3,372,335.00"
23/04/2012,6.388,"4,453,575.00"
20/04/2012,6.632,"4,108,870.00"
19/04/2012,6.632,"3,874,390.00"
18/04/2012,6.532,"4,115,480.00"
17/04/2012,6.448,"5,577,690.00"
16/04/2012,6.45,"5,498,755.00"
13/04/2012,6.718,"3,247,900.00"
12/04/2012,6.688,"5,170,770.00"
11/04/2012,6.618,"5,527,235.00"
10/04/2012,6.492,"9,238,345.00"
9/04/2012,6.63,"8,279,025.00"
5/04/2012,6.896,"7,547,390.00"
4/04/2012,7,"22,414,080.00"
3/04/2012,7.602,"5,520,750.00"
2/04/2012,7.316,"5,142,520.00"
30/03/2012,7.448,"4,431,560.00"
29/03/2012,7.466,"3,981,675.00"
28/03/2012,7.57,"4,774,850.00"
27/03/2012,7.588,"12,700,265.00"
26/03/2012,7.48,"15,704,455.00"
23/03/2012,6.816,"5,852,835.00"
22/03/2012,6.88,"2,611,765.00"
21/03/2012,7.03,"3,035,515.00"
20/03/2012,6.992,"2,835,005.00"
19/03/2012,6.996,"5,077,930.00"
16/03/2012,7.064,"3,646,180.00"
15/03/2012,7,"2,857,980.00"
14/03/2012,7.058,"4,257,320.00"
13/03/2012,7.218,"5,008,215.00"
12/03/2012,7.202,"9,822,600.00"
9/03/2012,6.948,"7,767,115.00"
8/03/2012,6.614,"3,166,335.00"
7/03/2012,6.624,"1,824,155.00"
6/03/2012,6.622,"2,868,745.00"
5/03/2012,6.754,"2,334,690.00"
2/03/2012,6.808,"2,749,855.00"
1/03/2012,6.882,"3,517,175.00"
29/02/2012,6.682,"2,678,420.00"
28/02/2012,6.762,"3,060,915.00"
27/02/2012,6.724,"3,029,765.00"
24/02/2012,6.75,"4,799,330.00"
23/02/2012,6.906,"4,101,725.00"
22/02/2012,6.844,"8,274,925.00"
21/02/2012,6.9,"5,678,940.00"
17/02/2012,6.994,"6,883,225.00"
16/02/2012,6.836,"11,098,180.00"
15/02/2012,6.72,"13,822,380.00"
14/02/2012,6.634,"9,056,825.00"
13/02/2012,6.298,"5,789,290.00"
10/02/2012,6.22,"9,370,695.00"
9/02/2012,6.516,"6,389,840.00"
8/02/2012,6.386,"3,118,130.00"
7/02/2012,6.32,"5,107,515.00"
6/02/2012,6.36,"3,260,805.00"
3/02/2012,6.23,"3,822,090.00"
2/02/2012,6.05,"4,028,050.00"
1/02/2012,5.916,"2,615,845.00"
31/01/2012,5.814,"4,783,565.00"
30/01/2012,5.914,"3,644,895.00"
27/01/2012,5.866,"3,741,805.00"
26/01/2012,5.788,"6,355,140.00"
25/01/2012,5.594,"3,055,560.00"
24/01/2012,5.484,"4,289,570.00"
23/01/2012,5.354,"2,972,665.00"
20/01/2012,5.32,"3,311,445.00"
19/01/2012,5.352,"6,231,110.00"
18/01/2012,5.362,"6,300,915.00"
17/01/2012,5.32,"23,261,930.00"
13/01/2012,4.558,"27,532,196.00"
12/01/2012,5.65,"3,646,500.00"
11/01/2012,5.646,"3,361,195.00"
10/01/2012,5.524,"3,358,660.00"
9/01/2012,5.45,"4,484,755.00"
6/01/2012,5.382,"4,931,435.00"
5/01/2012,5.424,"5,027,160.00"
4/01/2012,5.542,"3,150,180.00"
3/01/2012,5.616,"4,640,260.00"
30/12/2011,5.712,"1,699,300.00"
29/12/2011,5.746,"2,440,750.00"
28/12/2011,5.702,"2,875,690.00"
27/12/2011,5.714,"3,887,015.00"
23/12/2011,5.58,"2,956,950.00"
22/12/2011,5.554,"5,049,010.00"
21/12/2011,5.514,"8,529,035.00"
20/12/2011,5.58,"4,221,905.00"
19/12/2011,5.55,"4,934,760.00"
16/12/2011,5.6,"5,148,025.00"
15/12/2011,5.724,"3,501,305.00"
14/12/2011,5.706,"5,819,200.00"
13/12/2011,5.89,"4,970,075.00"
12/12/2011,6.082,"3,793,285.00"
9/12/2011,6.208,"6,197,220.00"
8/12/2011,6.178,"16,529,725.00"
7/12/2011,6.838,"3,371,220.00"
6/12/2011,6.974,"4,759,050.00"
5/12/2011,6.884,"5,800,250.00"
2/12/2011,6.66,"4,013,590.00"
1/12/2011,6.52,"5,150,540.00"
30/11/2011,6.548,"3,804,825.00"
29/11/2011,6.35,"2,955,270.00"
28/11/2011,6.512,"3,405,620.00"
25/11/2011,6.332,"1,197,975.00"
23/11/2011,6.29,"2,259,065.00"
22/11/2011,6.414,"3,662,590.00"
21/11/2011,6.352,"5,157,620.00"
18/11/2011,6.52,"4,513,645.00"
17/11/2011,6.736,"6,746,325.00"
16/11/2011,6.988,"9,165,680.00"
15/11/2011,6.786,"4,454,525.00"
14/11/2011,6.644,"6,628,280.00"
11/11/2011,6.728,"19,375,616.00"
10/11/2011,6.266,"3,736,365.00"
9/11/2011,6.176,"4,768,280.00"
8/11/2011,6.368,"5,839,150.00"
7/11/2011,6.254,"6,331,345.00"
4/11/2011,6.462,"15,165,535.00"
3/11/2011,6.492,"12,537,965.00"
2/11/2011,5.742,"4,377,605.00"
1/11/2011,5.776,"3,178,875.00"
31/10/2011,5.874,"5,669,845.00"
28/10/2011,5.974,"6,324,965.00"
27/10/2011,5.752,"4,346,675.00"
26/10/2011,5.596,"2,552,395.00"
25/10/2011,5.65,"3,271,855.00"
24/10/2011,5.71,"4,702,750.00"
21/10/2011,5.606,"5,712,750.00"
20/10/2011,5.468,"4,998,235.00"
19/10/2011,5.514,"3,964,250.00"
18/10/2011,5.668,"4,998,450.00"
17/10/2011,5.484,"3,772,195.00"
14/10/2011,5.61,"7,002,345.00"
13/10/2011,5.588,"5,219,065.00"
12/10/2011,5.56,"5,616,820.00"
11/10/2011,5.522,"2,880,015.00"
10/10/2011,5.576,"4,617,080.00"
7/10/2011,5.398,"6,557,740.00"
6/10/2011,5.392,"8,845,130.00"
5/10/2011,5.074,"6,147,070.00"
4/10/2011,4.732,"6,001,070.00"
3/10/2011,4.746,"5,115,650.00"
30/09/2011,4.878,"6,680,270.00"
29/09/2011,4.824,"4,647,725.00"
28/09/2011,4.918,"3,616,030.00"
27/09/2011,5.238,"3,372,145.00"
26/09/2011,5.104,"4,673,575.00"
23/09/2011,5.276,"5,781,640.00"
22/09/2011,5.126,"3,880,010.00"
21/09/2011,5.17,"4,937,885.00"
20/09/2011,5.202,"5,901,755.00"
19/09/2011,5.154,"5,786,745.00"
16/09/2011,5.16,"7,087,870.00"
15/09/2011,4.964,"2,812,560.00"
14/09/2011,4.868,"4,153,885.00"
13/09/2011,4.816,"3,632,305.00"
12/09/2011,4.576,"2,832,855.00"
9/09/2011,4.594,"3,346,315.00"
8/09/2011,4.722,"2,528,485.00"
7/09/2011,4.768,"2,295,930.00"
6/09/2011,4.588,"4,048,800.00"
2/09/2011,4.614,"3,851,655.00"
1/09/2011,4.8,"4,240,425.00"
31/08/2011,4.948,"4,118,675.00"
30/08/2011,4.926,"1,833,295.00"
29/08/2011,4.942,"4,016,510.00"
26/08/2011,4.746,"3,808,780.00"
25/08/2011,4.622,"3,401,050.00"
24/08/2011,4.774,"3,421,190.00"
23/08/2011,4.592,"4,344,840.00"
22/08/2011,4.39,"4,930,905.00"
19/08/2011,4.46,"6,876,385.00"
18/08/2011,4.852,"5,282,845.00"
17/08/2011,5.166,"3,218,860.00"
16/08/2011,5.22,"2,688,440.00"
15/08/2011,5.246,"3,692,860.00"
12/08/2011,5.262,"5,045,100.00"
11/08/2011,5.06,"4,182,420.00"
10/08/2011,4.764,"7,820,735.00"
9/08/2011,5.012,"6,666,910.00"
8/08/2011,4.728,"13,042,860.00"
5/08/2011,4.848,"9,821,880.00"
4/08/2011,4.95,"15,327,980.00"
3/08/2011,5.44,"9,006,645.00"
2/08/2011,5.468,"7,746,600.00"
1/08/2011,5.754,"5,824,110.00"
29/07/2011,5.634,"4,740,635.00"
28/07/2011,5.634,"4,693,645.00"
27/07/2011,5.528,"4,792,015.00"
26/07/2011,5.6,"3,814,660.00"
25/07/2011,5.698,"3,367,455.00"
22/07/2011,5.858,"2,919,340.00"
21/07/2011,5.74,"5,060,030.00"
20/07/2011,5.738,"15,241,970.00"
19/07/2011,5.578,"5,130,240.00"
18/07/2011,5.446,"4,261,585.00"
15/07/2011,5.516,"3,544,770.00"
14/07/2011,5.522,"5,795,655.00"
13/07/2011,5.728,"5,329,710.00"
12/07/2011,5.634,"5,227,030.00"
11/07/2011,5.67,"4,878,515.00"
8/07/2011,5.762,"6,202,900.00"
7/07/2011,5.946,"6,639,105.00"
6/07/2011,5.792,"4,634,445.00"
5/07/2011,5.828,"4,979,945.00"
1/07/2011,5.804,"4,274,195.00"
30/06/2011,5.826,"4,733,270.00"
29/06/2011,5.658,"7,308,540.00"
28/06/2011,5.622,"4,445,660.00"
27/06/2011,5.492,"9,046,835.00"
24/06/2011,5.513,"18,044,290.00"
23/06/2011,5.542,"5,849,950.00"
22/06/2011,5.442,"7,377,665.00"
21/06/2011,5.506,"7,482,815.00"
20/06/2011,5.202,"7,688,545.00"
17/06/2011,5.3,"8,569,825.00"
16/06/2011,5.3,"9,210,620.00"
15/06/2011,5.464,"6,732,895.00"
14/06/2011,5.72,"7,866,550.00"
13/06/2011,5.686,"8,568,805.00"
10/06/2011,5.572,"7,832,660.00"
9/06/2011,5.524,"8,021,100.00"
8/06/2011,5.424,"8,484,680.00"
7/06/2011,5.674,"6,110,495.00"
6/06/2011,5.74,"11,658,835.00"
3/06/2011,6.026,"31,051,044.00"
2/06/2011,5.752,"4,931,470.00"
1/06/2011,5.703,"7,651,980.00"
31/05/2011,6.028,"16,452,610.00"
27/05/2011,5.91,"8,435,345.00"
26/05/2011,5.896,"16,684,455.00"
25/05/2011,5.796,"23,469,056.00"
24/05/2011,5.344,"3,068,365.00"
23/05/2011,5.364,"4,317,740.00"
20/05/2011,5.594,"4,212,670.00"
19/05/2011,5.64,"13,276,835.00"
18/05/2011,5.27,"3,647,035.00"
17/05/2011,5.192,"6,170,780.00"
16/05/2011,5.32,"3,778,110.00"
13/05/2011,5.51,"3,307,885.00"
12/05/2011,5.534,"3,138,700.00"
11/05/2011,5.414,"4,814,825.00"
10/05/2011,5.666,"7,678,130.00"
9/05/2011,5.582,"4,581,515.00"
6/05/2011,5.424,"4,908,030.00"
5/05/2011,5.288,"6,097,245.00"
4/05/2011,5.338,"5,235,845.00"
3/05/2011,5.374,"4,569,825.00"
2/05/2011,5.49,"3,922,800.00"
29/04/2011,5.52,"3,631,700.00"
28/04/2011,5.532,"8,224,985.00"
27/04/2011,5.416,"4,984,505.00"
26/04/2011,5.386,"6,861,715.00"
25/04/2011,5.278,"4,004,195.00"
21/04/2011,5.348,"6,930,265.00"
20/04/2011,5.15,"4,187,345.00"
19/04/2011,5.032,"2,743,465.00"
18/04/2011,5.006,"5,169,355.00"
15/04/2011,5.116,"4,717,255.00"
14/04/2011,5.028,"4,916,910.00"
13/04/2011,4.986,"6,057,220.00"
12/04/2011,4.93,"6,787,005.00"
11/04/2011,5.054,"6,861,000.00"
8/04/2011,5.298,"9,731,760.00"
7/04/2011,5.448,"14,053,830.00"
6/04/2011,5.298,"6,441,485.00"
5/04/2011,5.34,"15,908,635.00"
4/04/2011,5.166,"13,046,135.00"
1/04/2011,5.332,"14,325,435.00"
31/03/2011,5.55,"57,611,684.00"
30/03/2011,4.742,"6,119,385.00"
29/03/2011,4.784,"3,777,955.00"
28/03/2011,4.65,"5,290,090.00"
25/03/2011,4.55,"2,839,610.00"
24/03/2011,4.466,"2,310,800.00"
23/03/2011,4.442,"2,113,965.00"
22/03/2011,4.438,"2,914,065.00"
21/03/2011,4.546,"2,058,250.00"
18/03/2011,4.592,"3,439,115.00"
17/03/2011,4.562,"4,612,520.00"
16/03/2011,4.564,"5,848,380.00"
15/03/2011,4.59,"6,594,345.00"
14/03/2011,4.65,"5,829,855.00"
11/03/2011,4.814,"4,653,970.00"
10/03/2011,4.802,"5,085,235.00"
9/03/2011,4.944,"4,623,605.00"
8/03/2011,4.932,"6,999,255.00"
7/03/2011,4.988,"10,167,655.00"
4/03/2011,4.99,"7,900,500.00"
3/03/2011,4.872,"3,200,700.00"
2/03/2011,4.804,"3,316,470.00"
1/03/2011,4.788,"5,531,750.00"
28/02/2011,4.778,"5,255,530.00"
25/02/2011,4.722,"6,736,285.00"
24/02/2011,4.506,"5,277,250.00"
23/02/2011,4.366,"8,028,540.00"
22/02/2011,4.374,"10,322,700.00"
18/02/2011,4.636,"11,853,850.00"
17/02/2011,4.72,"13,099,710.00"
16/02/2011,4.946,"20,579,030.00"
15/02/2011,4.568,"4,804,255.00"
14/02/2011,4.616,"6,417,020.00"
11/02/2011,4.65,"3,183,010.00"
10/02/2011,4.643,"4,180,100.00"
9/02/2011,4.642,"13,181,310.00"
8/02/2011,4.898,"17,525,916.00"
7/02/2011,4.614,"4,475,055.00"
4/02/2011,4.692,"2,719,585.00"
3/02/2011,4.726,"2,560,335.00"
2/02/2011,4.788,"2,847,360.00"
1/02/2011,4.782,"3,538,955.00"
31/01/2011,4.82,"4,157,875.00"
28/01/2011,4.802,"5,244,055.00"
27/01/2011,4.984,"4,478,275.00"
26/01/2011,4.95,"5,399,335.00"
25/01/2011,4.936,"6,357,785.00"
24/01/2011,4.898,"8,225,945.00"
21/01/2011,4.608,"6,084,705.00"
20/01/2011,4.524,"11,399,790.00"
19/01/2011,4.806,"11,857,570.00"
18/01/2011,5.128,"8,119,195.00"
14/01/2011,5.15,"5,960,605.00"
13/01/2011,5.244,"3,617,610.00"
12/01/2011,5.392,"4,823,610.00"
11/01/2011,5.392,"8,556,775.00"
10/01/2011,5.69,"6,714,060.00"
7/01/2011,5.648,"11,247,700.00"
6/01/2011,5.576,"10,306,085.00"
5/01/2011,5.366,"7,234,345.00"
4/01/2011,5.334,"5,945,355.00"
3/01/2011,5.324,"6,420,420.00"
31/12/2010,5.326,"7,089,235.00"